InventoryID,DealerID,VehicleID,StockLevel,ReorderThreshold
INV0001,D007,V0011,12,4.0
INV0002,D008,V0361,11,3.0
INV0003,D041,V0047,-2,3.0
INV0004,D050,V0194,15,9.0
INV0005,D033,V0159,39,9.0
INV0006,D025,V0211,35,5.0
INV0007,D020,V0415,24,5.0
INV0008,D013,V0339,46,6.0
INV0009,D022,V0063,26,7.0
INV0010,D044,V0300,13,9.0
INV0011,D033,V0483,8,2.0
INV0012,D048,V0141,41,3.0
INV0013,D040,V0346,31,4.0
INV0014,D042,V0462,17,3.0
INV0015,D040,V0257,42,7.0
INV0016,D015,V0356,5,7.0
INV0017,D007,V0482,41,7.0
INV0018,D037,V0308,38,2.0
INV0019,D012,V0440,23,2.0
INV0020,D018,V0184,22,8.0
INV0021,D048,V0425,41,8.0
INV0022,D041,V0309,23,6.0
INV0023,D032,V0325,16,6.0
INV0024,D009,V0219,24,10.0
INV0025,D025,V0115,24,10.0
INV0026,D033,V0066,26,5.0
INV0027,D023,V0389,36,9.0
INV0028,D013,V0120,39,4.0
INV0029,D043,V0191,49,3.0
INV0030,D006,V0158,41,10.0
INV0031,D025,V0364,13,6.0
INV0032,D028,V0431,19,4.0
INV0033,D008,V0267,33,4.0
INV0034,D024,V0403,23,6.0
INV0035,D005,V0272,22,4.0
INV0036,D001,V0394,18,3.0
INV0037,D042,V0116,48,10.0
INV0038,D027,V0443,6,3.0
INV0039,D028,V0489,38,9.0
INV0040,D019,V0432,15,2.0
INV0041,D001,V0072,14,5.0
INV0042,D044,V0469,9,6.0
INV0043,D044,V0099,5,3.0
INV0044,D019,V0269,4,4.0
INV0045,D048,V0329,37,8.0
INV0046,D027,V0284,1,5.0
INV0047,D048,V0075,42,7.0
INV0048,D041,V0203,42,10.0
INV0049,D040,V0233,6,2.0
INV0050,D007,V0241,45,
INV0051,D046,V0332,50,7.0
INV0052,D019,V0328,43,6.0
INV0053,D049,V0086,36,10.0
INV0054,D006,V0150,21,3.0
INV0055,D031,V0049,-2,8.0
INV0056,D004,V0197,48,2.0
INV0057,D003,V0103,44,6.0
INV0058,D035,V0036,44,9.0
INV0059,D034,V0070,23,10.0
INV0060,D026,V0429,16,2.0
INV0061,D033,V0257,41,6.0
INV0062,D005,V0371,11,5.0
INV0063,D030,V0012,29,8.0
INV0064,D011,V0011,16,7.0
INV0065,D015,V0211,5,4.0
INV0066,D050,V0145,-12,6.0
INV0067,D006,V0431,9,2.0
INV0068,D020,V0454,27,5.0
INV0069,D013,V0133,9,3.0
INV0070,D018,V0319,40,9.0
INV0071,D006,V0443,29,3.0
INV0072,D014,V0005,39,10.0
INV0073,D026,V0170,21,5.0
INV0074,D042,V0397,2,3.0
INV0075,D008,V0368,38,3.0
INV0076,D037,V0176,2,9.0
INV0077,D016,V0276,10,2.0
INV0078,D004,V0036,28,10.0
INV0079,D045,V0276,29,8.0
INV0080,D008,V0070,38,6.0
INV0081,D030,V0025,5,5.0
INV0082,D031,V0257,48,6.0
INV0083,D004,V0461,35,6.0
INV0084,D014,V0450,13,10.0
INV0085,D030,V0049,36,2.0
INV0086,D026,V0039,38,7.0
INV0087,D021,V0251,49,6.0
INV0088,D030,V0371,23,6.0
INV0089,D042,V0493,8,8.0
INV0090,D010,V0153,31,5.0
INV0091,D018,V0446,-1,9.0
INV0092,D035,V0289,47,7.0
INV0093,D025,V0401,42,10.0
INV0094,D029,V0290,13,4.0
INV0095,D042,V0205,40,5.0
INV0096,D004,V0398,0,3.0
INV0097,D008,V0332,47,6.0
INV0098,D050,V0048,15,10.0
INV0099,D028,V0249,28,2.0
INV0100,D022,V0456,34,3.0
INV0101,D030,V0195,26,4.0
INV0102,D048,V0356,17,6.0
INV0103,D015,V0060,0,6.0
INV0104,D012,V0083,13,8.0
INV0105,D046,V0341,25,2.0
INV0106,D036,V0499,38,6.0
INV0107,D022,V0197,6,9.0
INV0108,D020,V0384,23,7.0
INV0109,D029,V0019,41,2.0
INV0110,D033,V0440,32,7.0
INV0111,D002,V0426,0,7.0
INV0112,D013,V0468,43,7.0
INV0113,D015,V0063,33,9.0
INV0114,D033,V0204,0,10.0
INV0115,D012,V0205,31,8.0
INV0116,D019,V0465,33,8.0
INV0117,D040,V0416,30,4.0
INV0118,D031,V0096,3,5.0
INV0119,D007,V0407,29,8.0
INV0120,D048,V0295,9,8.0
INV0121,D037,V0143,17,10.0
INV0122,D021,V0125,46,4.0
INV0123,D036,V0314,19,6.0
INV0124,D021,V0333,22,3.0
INV0125,D050,V0227,3,10.0
INV0126,D030,V0355,25,2.0
INV0127,D049,V0283,3,8.0
INV0128,D005,V0062,15,7.0
INV0129,D025,V0175,11,9.0
INV0130,D007,V0350,26,6.0
INV0131,D030,V0156,15,4.0
INV0132,D001,V0421,43,
INV0133,D042,V0357,34,7.0
INV0134,D026,V0059,11,2.0
INV0135,D035,V0104,50,8.0
INV0136,D037,V0275,43,9.0
INV0137,D019,V0213,3,10.0
INV0138,D023,V0432,39,10.0
INV0139,D039,V0137,34,9.0
INV0140,D002,V0345,22,9.0
INV0141,D026,V0090,8,7.0
INV0142,D049,V0354,31,7.0
INV0143,D034,V0171,22,7.0
INV0144,D035,V0375,20,2.0
INV0145,D045,V0209,43,8.0
INV0146,D018,V0087,23,7.0
INV0147,D039,V0499,30,4.0
INV0148,D037,V0283,10,8.0
INV0149,D047,V0424,7,2.0
INV0150,D042,V0335,10,3.0
INV0151,D050,V0336,43,10.0
INV0152,D017,V0475,14,6.0
INV0153,D036,V0193,34,7.0
INV0154,D046,V0068,28,10.0
INV0155,D031,V0371,10,8.0
INV0156,D033,V0490,37,2.0
INV0157,D045,V0060,23,
INV0158,D027,V0179,26,6.0
INV0159,D015,V0489,32,4.0
INV0160,D044,V0061,2,7.0
INV0161,D024,V0405,43,3.0
INV0162,D027,V0183,34,5.0
INV0163,D012,V0251,47,10.0
INV0164,D044,V0231,21,3.0
INV0165,D035,V0047,3,3.0
INV0166,D049,V0404,41,7.0
INV0167,D012,V0134,29,3.0
INV0168,D047,V0323,0,5.0
INV0169,D005,V0041,11,6.0
INV0170,D001,V0460,48,
INV0171,D037,V0370,37,4.0
INV0172,D028,V0412,43,3.0
INV0173,D004,V0371,16,4.0
INV0174,D006,V0434,41,4.0
INV0175,D017,V0177,18,10.0
INV0176,D023,V0024,1,10.0
INV0177,D030,V0317,3,3.0
INV0178,D023,V0200,0,9.0
INV0179,D001,V0325,46,3.0
INV0180,D019,V0012,3,4.0
INV0181,D031,V0422,39,8.0
INV0182,D012,V0144,22,4.0
INV0183,D042,V0065,20,6.0
INV0184,D041,V0085,44,8.0
INV0185,D039,V0061,33,2.0
INV0186,D012,V0223,37,6.0
INV0187,D045,V0205,34,5.0
INV0188,D024,V0367,0,9.0
INV0189,D035,V0095,18,4.0
INV0190,D001,V0262,18,10.0
INV0191,D048,V0439,26,7.0
INV0192,D013,V0482,34,2.0
INV0193,D002,V0431,26,7.0
INV0194,D002,V0104,12,6.0
INV0195,D008,V0226,8,3.0
INV0196,D004,V0302,32,9.0
INV0197,D039,V0364,-8,10.0
INV0198,D034,V0107,23,3.0
INV0199,D044,V0093,0,2.0
INV0200,D007,V0196,45,7.0
INV0201,D047,V0177,3,6.0
INV0202,D003,V0280,46,5.0
INV0203,D031,V0187,10,9.0
INV0204,D033,V0401,13,4.0
INV0205,D006,V0283,43,9.0
INV0206,D028,V0034,50,8.0
INV0207,D031,V0361,15,10.0
INV0208,D041,V0316,32,3.0
INV0209,D015,V0085,26,9.0
INV0210,D025,V0491,49,10.0
INV0211,D050,V0144,32,4.0
INV0212,D049,V0218,23,6.0
INV0213,D001,V0048,28,8.0
INV0214,D015,V0294,12,4.0
INV0215,D049,V0406,4,6.0
INV0216,D023,V0296,17,8.0
INV0217,D022,V0217,22,6.0
INV0218,D021,V0334,42,10.0
INV0219,D007,V0426,46,9.0
INV0220,D038,V0035,30,2.0
INV0221,D001,V0334,37,5.0
INV0222,D015,V0003,31,7.0
INV0223,D018,V0412,35,9.0
INV0224,D018,V0164,15,7.0
INV0225,D019,V0396,41,10.0
INV0226,D042,V0380,43,
INV0227,D007,V0125,18,10.0
INV0228,D045,V0118,2,6.0
INV0229,D015,V0219,21,
INV0230,D030,V0245,48,10.0
INV0231,D041,V0330,13,8.0
INV0232,D038,V0380,40,8.0
INV0233,D045,V0031,9,3.0
INV0234,D014,V0178,25,7.0
INV0235,D004,V0382,22,3.0
INV0236,D040,V0071,20,9.0
INV0237,D047,V0089,4,9.0
INV0238,D019,V0344,34,2.0
INV0239,D041,V0231,22,6.0
INV0240,D025,V0369,31,8.0
INV0241,D046,V0011,11,10.0
INV0242,D011,V0368,39,10.0
INV0243,D048,V0387,30,9.0
INV0244,D036,V0044,28,7.0
INV0245,D032,V0350,16,4.0
INV0246,D033,V0460,6,6.0
INV0247,D032,V0129,22,2.0
INV0248,D016,V0055,7,
INV0249,D038,V0082,43,9.0
INV0250,D035,V0060,19,7.0
INV0251,D045,V0087,11,5.0
INV0252,D048,V0013,-13,8.0
INV0253,D025,V0458,32,10.0
INV0254,D004,V0455,18,4.0
INV0255,D050,V0281,21,6.0
INV0256,D003,V0326,-11,3.0
INV0257,D019,V0461,17,2.0
INV0258,D038,V0181,14,7.0
INV0259,D022,V0492,13,7.0
INV0260,D031,V0273,40,6.0
INV0261,D031,V0343,40,3.0
INV0262,D008,V0233,1,
INV0263,D039,V0039,17,7.0
INV0264,D037,V0198,28,9.0
INV0265,D045,V0386,48,4.0
INV0266,D042,V0075,31,4.0
INV0267,D029,V0037,36,10.0
INV0268,D032,V0336,25,7.0
INV0269,D001,V0417,32,4.0
INV0270,D023,V0160,16,5.0
INV0271,D024,V0075,35,8.0
INV0272,D005,V0235,20,8.0
INV0273,D037,V0457,1,2.0
INV0274,D033,V0012,24,7.0
INV0275,D046,V0265,8,5.0
INV0276,D023,V0324,9,5.0
INV0277,D041,V0219,7,8.0
INV0278,D026,V0419,13,8.0
INV0279,D031,V0151,44,7.0
INV0280,D017,V0382,6,2.0
INV0281,D048,V0273,32,10.0
INV0282,D012,V0113,42,8.0
INV0283,D043,V0122,20,10.0
INV0284,D023,V0272,46,3.0
INV0285,D049,V0413,35,5.0
INV0286,D022,V0188,24,3.0
INV0287,D045,V0320,5,2.0
INV0288,D011,V0306,4,8.0
INV0289,D021,V0416,42,5.0
INV0290,D040,V0171,37,7.0
INV0291,D017,V0127,20,8.0
INV0292,D021,V0240,31,6.0
INV0293,D011,V0013,18,9.0
INV0294,D013,V0234,45,5.0
INV0295,D035,V0169,17,2.0
INV0296,D046,V0042,16,7.0
INV0297,D017,V0241,12,3.0
INV0298,D027,V0327,22,3.0
INV0299,D011,V0166,13,10.0
INV0300,D038,V0347,40,8.0
INV0301,D033,V0497,30,10.0
INV0302,D017,V0257,45,7.0
INV0303,D048,V0191,9,5.0
INV0304,D004,V0249,9,2.0
INV0305,D011,V0125,12,5.0
INV0306,D015,V0092,35,9.0
INV0307,D024,V0113,8,9.0
INV0308,D014,V0494,10,8.0
INV0309,D023,V0258,29,8.0
INV0310,D039,V0434,35,6.0
INV0311,D013,V0367,43,7.0
INV0312,D038,V0203,39,4.0
INV0313,D042,V0406,22,2.0
INV0314,D006,V0440,9,3.0
INV0315,D033,V0404,22,7.0
INV0316,D015,V0404,10,8.0
INV0317,D010,V0219,13,9.0
INV0318,D041,V0003,0,
INV0319,D024,V0349,30,5.0
INV0320,D031,V0066,28,7.0
INV0321,D004,V0135,33,2.0
INV0322,D040,V0456,26,9.0
INV0323,D033,V0090,25,4.0
INV0324,D007,V0139,6,7.0
INV0325,D030,V0302,8,8.0
INV0326,D023,V0222,25,9.0
INV0327,D045,V0019,0,8.0
INV0328,D049,V0473,10,9.0
INV0329,D023,V0474,33,8.0
INV0330,D006,V0284,42,8.0
INV0331,D040,V0025,24,10.0
INV0332,D032,V0147,38,3.0
INV0333,D032,V0326,43,4.0
INV0334,D036,V0298,0,3.0
INV0335,D031,V0041,31,3.0
INV0336,D032,V0045,39,9.0
INV0337,D020,V0195,10,4.0
INV0338,D038,V0334,40,5.0
INV0339,D036,V0220,16,3.0
INV0340,D014,V0241,47,2.0
INV0341,D020,V0416,39,10.0
INV0342,D038,V0115,37,3.0
INV0343,D041,V0306,34,3.0
INV0344,D022,V0299,24,8.0
INV0345,D005,V0461,5,3.0
INV0346,D036,V0025,-3,
INV0347,D036,V0475,47,4.0
INV0348,D018,V0157,47,
INV0349,D002,V0033,13,4.0
INV0350,D008,V0015,22,3.0
INV0351,D029,V0064,21,7.0
INV0352,D003,V0225,37,4.0
INV0353,D020,V0161,31,7.0
INV0354,D023,V0169,13,3.0
INV0355,D012,V0162,26,8.0
INV0356,D029,V0365,20,3.0
INV0357,D050,V0459,0,9.0
INV0358,D006,V0136,30,5.0
INV0359,D016,V0342,22,5.0
INV0360,D039,V0139,-4,8.0
INV0361,D044,V0020,31,3.0
INV0362,D019,V0312,9,9.0
INV0363,D038,V0404,30,9.0
INV0364,D023,V0040,9,
INV0365,D025,V0258,35,3.0
INV0366,D019,V0176,45,8.0
INV0367,D001,V0228,49,7.0
INV0368,D037,V0090,22,8.0
INV0369,D001,V0358,19,2.0
INV0370,D028,V0248,21,2.0
INV0371,D028,V0473,30,4.0
INV0372,D038,V0015,21,5.0
INV0373,D008,V0390,11,5.0
INV0374,D029,V0468,9,7.0
INV0375,D007,V0352,33,4.0
INV0376,D016,V0214,9,8.0
INV0377,D023,V0448,11,9.0
INV0378,D008,V0173,16,9.0
INV0379,D036,V0401,18,7.0
INV0380,D041,V0239,42,3.0
INV0381,D018,V0144,16,6.0
INV0382,D009,V0033,6,2.0
INV0383,D044,V0452,32,6.0
INV0384,D019,V0202,18,
INV0385,D042,V0117,23,3.0
INV0386,D025,V0197,9,2.0
INV0387,D025,V0119,38,7.0
INV0388,D020,V0342,-12,6.0
INV0389,D044,V0211,34,3.0
INV0390,D013,V0015,41,8.0
INV0391,D039,V0225,15,2.0
INV0392,D015,V0058,32,7.0
INV0393,D001,V0363,37,4.0
INV0394,D004,V0354,50,9.0
INV0395,D015,V0235,4,3.0
INV0396,D010,V0216,12,5.0
INV0397,D036,V0387,15,10.0
INV0398,D036,V0254,27,9.0
INV0399,D050,V0381,38,6.0
INV0400,D019,V0029,38,7.0
INV0401,D032,V0160,45,10.0
INV0402,D024,V0478,28,3.0
INV0403,D032,V0290,32,6.0
INV0404,D019,V0024,12,7.0
INV0405,D046,V0175,43,6.0
INV0406,D025,V0374,29,2.0
INV0407,D042,V0018,4,2.0
INV0408,D001,V0230,14,7.0
INV0409,D039,V0009,29,
INV0410,D004,V0388,13,9.0
INV0411,D008,V0310,22,2.0
INV0412,D016,V0037,24,2.0
INV0413,D015,V0136,47,
INV0414,D045,V0183,42,5.0
INV0415,D016,V0181,7,10.0
INV0416,D042,V0166,24,3.0
INV0417,D045,V0363,22,4.0
INV0418,D049,V0226,47,5.0
INV0419,D040,V0036,8,2.0
INV0420,D007,V0462,48,4.0
INV0421,D012,V0346,16,8.0
INV0422,D031,V0390,43,5.0
INV0423,D037,V0341,19,10.0
INV0424,D012,V0204,37,9.0
INV0425,D018,V0079,33,4.0
INV0426,D047,V0336,0,9.0
INV0427,D030,V0323,20,4.0
INV0428,D039,V0026,5,4.0
INV0429,D034,V0118,18,6.0
INV0430,D027,V0338,45,8.0
INV0431,D010,V0166,42,4.0
INV0432,D004,V0039,27,7.0
INV0433,D038,V0071,13,9.0
INV0434,D039,V0129,12,
INV0435,D045,V0322,36,3.0
INV0436,D030,V0292,18,8.0
INV0437,D040,V0496,22,8.0
INV0438,D013,V0021,14,4.0
INV0439,D019,V0002,21,8.0
INV0440,D003,V0469,26,8.0
INV0441,D045,V0067,46,6.0
INV0442,D024,V0380,47,8.0
INV0443,D021,V0221,11,3.0
INV0444,D050,V0243,38,2.0
INV0445,D021,V0471,16,7.0
INV0446,D046,V0134,23,7.0
INV0447,D018,V0171,14,2.0
INV0448,D043,V0279,44,3.0
INV0449,D041,V0106,10,7.0
INV0450,D008,V0063,14,
INV0451,D013,V0042,49,6.0
INV0452,D034,V0217,2,5.0
INV0453,D016,V0405,17,7.0
INV0454,D004,V0318,49,6.0
INV0455,D021,V0405,36,2.0
INV0456,D046,V0465,22,5.0
INV0457,D046,V0444,4,
INV0458,D007,V0227,3,
INV0459,D024,V0449,7,
INV0460,D032,V0006,34,4.0
INV0461,D025,V0112,35,9.0
INV0462,D017,V0152,33,2.0
INV0463,D020,V0150,2,
INV0464,D019,V0074,2,7.0
INV0465,D044,V0187,31,3.0
INV0466,D018,V0025,11,
INV0467,D043,V0184,14,6.0
INV0468,D041,V0262,7,4.0
INV0469,D044,V0091,46,9.0
INV0470,D041,V0090,33,9.0
INV0471,D038,V0452,39,9.0
INV0472,D030,V0462,30,5.0
INV0473,D017,V0416,18,4.0
INV0474,D003,V0297,25,5.0
INV0475,D028,V0327,6,6.0
INV0476,D018,V0383,43,9.0
INV0477,D049,V0401,15,4.0
INV0478,D007,V0358,11,10.0
INV0479,D005,V0153,3,8.0
INV0480,D019,V0148,36,3.0
INV0481,D009,V0156,43,4.0
INV0482,D004,V0236,2,5.0
INV0483,D027,V0326,18,10.0
INV0484,D002,V0081,29,8.0
INV0485,D044,V0176,-1,4.0
INV0486,D032,V0355,43,9.0
INV0487,D004,V0310,24,5.0
INV0488,D023,V0379,9,10.0
INV0489,D032,V0048,23,9.0
INV0490,D005,V0186,39,9.0
INV0491,D029,V0280,36,
INV0492,D035,V0224,0,6.0
INV0493,D035,V0255,44,
INV0494,D023,V0345,40,10.0
INV0495,D040,V0129,17,5.0
INV0496,D006,V0222,5,2.0
INV0497,D048,V0312,0,2.0
INV0498,D010,V0416,7,10.0
INV0499,D010,V0052,8,3.0
INV0500,D012,V0407,36,7.0
INV0501,D037,V0371,15,2.0
INV0502,D041,V0078,5,10.0
INV0503,D035,V0013,42,2.0
INV0504,D039,V0383,4,2.0
INV0505,D001,V0252,50,6.0
INV0506,D024,V0135,15,4.0
INV0507,D039,V0176,0,2.0
INV0508,D037,V0466,10,10.0
INV0509,D039,V0184,31,5.0
INV0510,D039,V0185,49,9.0
INV0511,D038,V0251,6,10.0
INV0512,D040,V0315,24,6.0
INV0513,D030,V0060,23,9.0
INV0514,D019,V0111,11,4.0
INV0515,D023,V0397,30,3.0
INV0516,D037,V0421,19,7.0
INV0517,D036,V0136,31,8.0
INV0518,D034,V0084,23,9.0
INV0519,D001,V0441,21,9.0
INV0520,D045,V0424,39,9.0
INV0521,D040,V0159,22,4.0
INV0522,D018,V0294,16,5.0
INV0523,D007,V0134,18,10.0
INV0524,D022,V0154,26,6.0
INV0525,D008,V0294,10,4.0
INV0526,D010,V0332,41,10.0
INV0527,D036,V0457,44,7.0
INV0528,D016,V0253,24,10.0
INV0529,D032,V0405,2,10.0
INV0530,D008,V0342,18,10.0
INV0531,D005,V0085,35,9.0
INV0532,D044,V0084,35,4.0
INV0533,D048,V0359,6,8.0
INV0534,D036,V0106,26,9.0
INV0535,D016,V0237,45,5.0
INV0536,D025,V0054,47,5.0
INV0537,D009,V0500,11,2.0
INV0538,D009,V0022,43,9.0
INV0539,D002,V0361,-4,9.0
INV0540,D023,V0383,6,5.0
INV0541,D024,V0382,13,7.0
INV0542,D003,V0346,47,9.0
INV0543,D026,V0347,46,4.0
INV0544,D014,V0065,13,9.0
INV0545,D031,V0397,21,7.0
INV0546,D038,V0288,25,3.0
INV0547,D012,V0106,14,4.0
INV0548,D016,V0296,42,2.0
INV0549,D047,V0115,4,4.0
INV0550,D029,V0460,49,7.0
INV0551,D020,V0032,4,2.0
INV0552,D047,V0178,29,9.0
INV0553,D002,V0267,37,7.0
INV0554,D010,V0071,5,4.0
INV0555,D029,V0335,50,7.0
INV0556,D038,V0039,44,5.0
INV0557,D026,V0149,11,8.0
INV0558,D028,V0218,20,3.0
INV0559,D026,V0465,34,3.0
INV0560,D036,V0469,15,5.0
INV0561,D004,V0295,18,7.0
INV0562,D032,V0206,30,2.0
INV0563,D050,V0166,24,6.0
INV0564,D026,V0177,24,7.0
INV0565,D041,V0328,41,10.0
INV0566,D010,V0196,43,7.0
INV0567,D044,V0167,49,3.0
INV0568,D019,V0252,13,8.0
INV0569,D004,V0358,2,10.0
INV0570,D040,V0279,34,4.0
INV0571,D001,V0122,48,3.0
INV0572,D019,V0401,32,6.0
INV0573,D029,V0377,1,3.0
INV0574,D049,V0131,49,7.0
INV0575,D021,V0286,45,9.0
INV0576,D010,V0484,16,2.0
INV0577,D030,V0158,24,3.0
INV0578,D020,V0229,32,9.0
INV0579,D025,V0424,14,10.0
INV0580,D038,V0272,31,6.0
INV0581,D039,V0260,33,3.0
INV0582,D001,V0161,50,9.0
INV0583,D022,V0006,16,8.0
INV0584,D034,V0383,45,10.0
INV0585,D018,V0251,24,8.0
INV0586,D032,V0254,45,8.0
INV0587,D043,V0432,21,10.0
INV0588,D042,V0002,27,6.0
INV0589,D017,V0137,21,9.0
INV0590,D047,V0010,49,8.0
INV0591,D030,V0279,26,8.0
INV0592,D049,V0043,31,7.0
INV0593,D004,V0474,42,6.0
INV0594,D040,V0209,16,2.0
INV0595,D043,V0243,24,8.0
INV0596,D004,V0329,50,
INV0597,D018,V0471,23,2.0
INV0598,D021,V0034,29,8.0
INV0599,D016,V0112,15,6.0
INV0600,D001,V0177,43,3.0
INV0601,D022,V0448,49,6.0
INV0602,D048,V0407,1,2.0
INV0603,D036,V0476,9,4.0
INV0604,D046,V0432,31,7.0
INV0605,D001,V0316,2,3.0
INV0606,D045,V0343,27,9.0
INV0607,D006,V0299,10,
INV0608,D012,V0039,-14,8.0
INV0609,D012,V0302,10,6.0
INV0610,D043,V0421,50,5.0
INV0611,D045,V0352,32,2.0
INV0612,D008,V0369,32,3.0
INV0613,D028,V0266,29,6.0
INV0614,D038,V0275,22,5.0
INV0615,D043,V0482,44,5.0
INV0616,D021,V0160,13,9.0
INV0617,D044,V0188,23,9.0
INV0618,D041,V0370,29,7.0
INV0619,D002,V0101,39,
INV0620,D048,V0319,43,3.0
INV0621,D037,V0425,16,2.0
INV0622,D013,V0321,43,9.0
INV0623,D048,V0454,23,2.0
INV0624,D026,V0064,37,9.0
INV0625,D016,V0476,27,3.0
INV0626,D014,V0426,47,5.0
INV0627,D014,V0478,29,10.0
INV0628,D014,V0262,4,6.0
INV0629,D013,V0400,16,5.0
INV0630,D031,V0003,44,3.0
INV0631,D050,V0331,-14,4.0
INV0632,D023,V0445,0,2.0
INV0633,D020,V0029,5,10.0
INV0634,D030,V0308,35,9.0
INV0635,D039,V0468,26,9.0
INV0636,D048,V0182,22,3.0
INV0637,D011,V0105,24,9.0
INV0638,D045,V0217,21,5.0
INV0639,D039,V0474,36,6.0
INV0640,D020,V0201,17,8.0
INV0641,D036,V0325,-14,9.0
INV0642,D040,V0310,40,3.0
INV0643,D042,V0407,32,6.0
INV0644,D003,V0451,29,7.0
INV0645,D037,V0337,5,4.0
INV0646,D034,V0435,18,10.0
INV0647,D044,V0019,30,2.0
INV0648,D028,V0026,19,3.0
INV0649,D028,V0220,5,5.0
INV0650,D008,V0279,1,4.0
INV0651,D034,V0221,43,6.0
INV0652,D031,V0182,36,7.0
INV0653,D027,V0389,13,8.0
INV0654,D009,V0407,1,8.0
INV0655,D031,V0143,40,10.0
INV0656,D019,V0101,43,
INV0657,D027,V0319,33,3.0
INV0658,D001,V0096,31,7.0
INV0659,D037,V0262,25,4.0
INV0660,D006,V0266,38,4.0
INV0661,D019,V0043,40,3.0
INV0662,D030,V0092,13,5.0
INV0663,D013,V0427,46,9.0
INV0664,D009,V0451,12,7.0
INV0665,D021,V0300,21,2.0
INV0666,D034,V0131,25,4.0
INV0667,D013,V0476,46,5.0
INV0668,D045,V0090,40,10.0
INV0669,D046,V0240,3,10.0
INV0670,D032,V0234,21,3.0
INV0671,D048,V0414,11,9.0
INV0672,D030,V0048,29,9.0
INV0673,D006,V0046,48,7.0
INV0674,D002,V0111,17,6.0
INV0675,D016,V0047,25,4.0
INV0676,D001,V0237,26,3.0
INV0677,D015,V0146,33,2.0
INV0678,D041,V0286,45,6.0
INV0679,D047,V0072,32,3.0
INV0680,D039,V0472,27,3.0
INV0681,D049,V0472,34,6.0
INV0682,D012,V0017,42,5.0
INV0683,D042,V0187,39,7.0
INV0684,D027,V0175,36,9.0
INV0685,D024,V0368,38,3.0
INV0686,D014,V0458,7,7.0
INV0687,D023,V0477,28,2.0
INV0688,D020,V0078,49,5.0
INV0689,D023,V0226,25,4.0
INV0690,D046,V0428,37,9.0
INV0691,D011,V0270,7,10.0
INV0692,D023,V0185,13,
INV0693,D024,V0384,43,3.0
INV0694,D009,V0488,32,9.0
INV0695,D007,V0465,36,5.0
INV0696,D025,V0020,21,7.0
INV0697,D009,V0236,11,4.0
INV0698,D035,V0287,8,8.0
INV0699,D022,V0370,11,3.0
INV0700,D003,V0441,12,2.0
INV0701,D008,V0489,30,9.0
INV0702,D047,V0303,47,4.0
INV0703,D025,V0193,44,7.0
INV0704,D010,V0258,28,5.0
INV0705,D016,V0448,26,9.0
INV0706,D032,V0105,11,7.0
INV0707,D017,V0004,12,4.0
INV0708,D029,V0408,12,5.0
INV0709,D037,V0054,43,4.0
INV0710,D033,V0210,49,10.0
INV0711,D006,V0039,27,9.0
INV0712,D029,V0498,47,2.0
INV0713,D017,V0366,14,8.0
INV0714,D037,V0468,12,7.0
INV0715,D020,V0074,22,
INV0716,D036,V0107,33,3.0
INV0717,D012,V0199,37,3.0
INV0718,D038,V0423,13,9.0
INV0719,D042,V0324,7,2.0
INV0720,D013,V0244,28,8.0
INV0721,D036,V0493,14,10.0
INV0722,D007,V0130,46,3.0
INV0723,D026,V0341,21,10.0
INV0724,D048,V0011,23,7.0
INV0725,D030,V0151,44,3.0
INV0726,D018,V0069,18,9.0
INV0727,D045,V0050,0,8.0
INV0728,D019,V0128,12,8.0
INV0729,D045,V0160,12,3.0
INV0730,D021,V0493,50,5.0
INV0731,D047,V0479,13,4.0
INV0732,D024,V0030,31,7.0
INV0733,D019,V0391,11,
INV0734,D005,V0497,31,5.0
INV0735,D045,V0381,21,2.0
INV0736,D046,V0182,2,8.0
INV0737,D012,V0292,50,6.0
INV0738,D016,V0318,0,9.0
INV0739,D022,V0332,30,
INV0740,D022,V0460,44,10.0
INV0741,D046,V0394,49,4.0
INV0742,D004,V0126,9,10.0
INV0743,D012,V0424,34,7.0
INV0744,D033,V0230,43,5.0
INV0745,D019,V0435,16,9.0
INV0746,D030,V0146,41,8.0
INV0747,D036,V0115,35,8.0
INV0748,D008,V0440,49,8.0
INV0749,D019,V0410,1,4.0
INV0750,D024,V0287,26,2.0
INV0751,D021,V0294,10,4.0
INV0752,D042,V0188,50,8.0
INV0753,D019,V0460,31,8.0
INV0754,D034,V0487,6,7.0
INV0755,D047,V0032,16,8.0
INV0756,D019,V0333,15,2.0
INV0757,D019,V0098,5,3.0
INV0758,D028,V0204,9,8.0
INV0759,D023,V0241,46,10.0
INV0760,D037,V0474,13,6.0
INV0761,D021,V0090,49,9.0
INV0762,D008,V0467,27,10.0
INV0763,D028,V0368,19,3.0
INV0764,D008,V0084,23,7.0
INV0765,D019,V0413,19,2.0
INV0766,D018,V0478,47,5.0
INV0767,D031,V0090,46,10.0
INV0768,D027,V0033,8,
INV0769,D039,V0305,33,10.0
INV0770,D007,V0035,6,6.0
INV0771,D014,V0193,14,7.0
INV0772,D006,V0154,26,10.0
INV0773,D031,V0449,20,10.0
INV0774,D003,V0114,40,2.0
INV0775,D005,V0417,16,5.0
INV0776,D035,V0283,28,3.0
INV0777,D037,V0080,8,
INV0778,D016,V0359,31,4.0
INV0779,D007,V0007,23,4.0
INV0780,D038,V0222,-11,5.0
INV0781,D003,V0176,34,6.0
INV0782,D013,V0284,19,7.0
INV0783,D042,V0046,0,9.0
INV0784,D029,V0157,33,9.0
INV0785,D029,V0500,29,10.0
INV0786,D029,V0415,22,3.0
INV0787,D034,V0365,44,10.0
INV0788,D031,V0307,0,10.0
INV0789,D035,V0118,33,7.0
INV0790,D042,V0331,34,9.0
INV0791,D001,V0257,45,3.0
INV0792,D045,V0404,4,
INV0793,D048,V0207,0,8.0
INV0794,D011,V0156,18,
INV0795,D009,V0260,33,10.0
INV0796,D003,V0409,2,8.0
INV0797,D021,V0448,19,4.0
INV0798,D046,V0454,22,9.0
INV0799,D019,V0129,43,8.0
INV0800,D019,V0362,1,2.0
INV0801,D029,V0362,34,9.0
INV0802,D049,V0301,23,9.0
INV0803,D033,V0364,23,6.0
INV0804,D034,V0244,21,3.0
INV0805,D005,V0341,14,5.0
INV0806,D007,V0330,1,7.0
INV0807,D016,V0452,31,9.0
INV0808,D034,V0414,46,7.0
INV0809,D026,V0371,44,5.0
INV0810,D049,V0136,5,6.0
INV0811,D040,V0489,30,10.0
INV0812,D010,V0172,31,2.0
INV0813,D035,V0022,18,5.0
INV0814,D036,V0400,7,5.0
INV0815,D040,V0083,11,10.0
INV0816,D040,V0360,47,10.0
INV0817,D015,V0154,41,7.0
INV0818,D007,V0274,1,7.0
INV0819,D008,V0344,49,8.0
INV0820,D017,V0301,11,6.0
INV0821,D008,V0268,27,4.0
INV0822,D041,V0433,12,5.0
INV0823,D024,V0290,42,2.0
INV0824,D005,V0234,16,9.0
INV0825,D039,V0224,37,10.0
INV0826,D022,V0019,22,5.0
INV0827,D013,V0112,26,3.0
INV0828,D008,V0180,43,9.0
INV0829,D045,V0499,-3,10.0
INV0830,D045,V0383,26,10.0
INV0831,D026,V0462,41,3.0
INV0832,D048,V0119,9,
INV0833,D041,V0342,19,5.0
INV0834,D037,V0388,49,10.0
INV0835,D046,V0420,30,7.0
INV0836,D006,V0118,3,10.0
INV0837,D023,V0404,23,6.0
INV0838,D023,V0180,50,8.0
INV0839,D006,V0446,32,7.0
INV0840,D015,V0362,35,8.0
INV0841,D001,V0073,36,6.0
INV0842,D047,V0458,7,4.0
INV0843,D008,V0061,24,7.0
INV0844,D006,V0484,39,5.0
INV0845,D021,V0340,26,3.0
INV0846,D017,V0373,25,5.0
INV0847,D017,V0246,31,9.0
INV0848,D013,V0341,10,7.0
INV0849,D024,V0294,26,7.0
INV0850,D026,V0043,13,10.0
INV0851,D035,V0278,21,8.0
INV0852,D044,V0360,48,2.0
INV0853,D043,V0167,39,10.0
INV0854,D003,V0323,-1,9.0
INV0855,D008,V0133,6,10.0
INV0856,D002,V0053,12,
INV0857,D001,V0314,40,3.0
INV0858,D044,V0148,17,8.0
INV0859,D033,V0409,27,2.0
INV0860,D017,V0484,27,10.0
INV0861,D006,V0293,31,5.0
INV0862,D018,V0185,2,6.0
INV0863,D037,V0397,-4,10.0
INV0864,D008,V0155,20,4.0
INV0865,D015,V0500,14,2.0
INV0866,D036,V0374,0,3.0
INV0867,D034,V0057,0,8.0
INV0868,D048,V0018,31,3.0
INV0869,D034,V0274,39,6.0
INV0870,D018,V0023,49,3.0
INV0871,D041,V0474,49,7.0
INV0872,D039,V0476,37,8.0
INV0873,D024,V0282,3,8.0
INV0874,D018,V0291,31,2.0
INV0875,D006,V0145,0,
INV0876,D043,V0176,49,3.0
INV0877,D006,V0290,7,6.0
INV0878,D022,V0113,36,10.0
INV0879,D026,V0083,26,9.0
INV0880,D048,V0335,7,9.0
INV0881,D025,V0252,2,6.0
INV0882,D022,V0314,12,2.0
INV0883,D021,V0025,49,4.0
INV0884,D050,V0456,48,10.0
INV0885,D026,V0334,44,6.0
INV0886,D035,V0018,30,4.0
INV0887,D041,V0048,22,2.0
INV0888,D034,V0093,47,2.0
INV0889,D011,V0002,11,6.0
INV0890,D017,V0150,10,
INV0891,D044,V0411,8,4.0
INV0892,D001,V0198,14,5.0
INV0893,D027,V0065,38,7.0
INV0894,D004,V0416,49,9.0
INV0895,D040,V0078,28,5.0
INV0896,D033,V0340,-8,9.0
INV0897,D013,V0062,21,10.0
INV0898,D038,V0425,3,7.0
INV0899,D047,V0162,8,7.0
INV0900,D038,V0499,21,7.0
INV0901,D046,V0183,28,3.0
INV0902,D004,V0111,15,5.0
INV0903,D014,V0306,20,3.0
INV0904,D047,V0283,35,10.0
INV0905,D039,V0268,23,5.0
INV0906,D047,V0110,45,3.0
INV0907,D007,V0008,49,7.0
INV0908,D047,V0307,48,5.0
INV0909,D039,V0432,3,7.0
INV0910,D034,V0220,8,8.0
INV0911,D040,V0473,6,5.0
INV0912,D048,V0093,41,10.0
INV0913,D007,V0461,37,3.0
INV0914,D035,V0378,9,6.0
INV0915,D011,V0231,45,6.0
INV0916,D007,V0379,8,5.0
INV0917,D005,V0319,33,8.0
INV0918,D004,V0462,41,10.0
INV0919,D020,V0047,26,3.0
INV0920,D033,V0056,42,10.0
INV0921,D009,V0467,30,3.0
INV0922,D048,V0408,38,5.0
INV0923,D008,V0048,13,5.0
INV0924,D029,V0194,43,7.0
INV0925,D039,V0079,18,2.0
INV0926,D020,V0141,48,5.0
INV0927,D045,V0127,8,
INV0928,D006,V0236,32,9.0
INV0929,D046,V0322,19,8.0
INV0930,D005,V0132,34,10.0
INV0931,D022,V0051,43,10.0
INV0932,D016,V0295,0,4.0
INV0933,D049,V0356,43,2.0
INV0934,D001,V0026,16,2.0
INV0935,D022,V0264,50,7.0
INV0936,D008,V0418,26,4.0
INV0937,D041,V0222,5,8.0
INV0938,D004,V0247,16,2.0
INV0939,D024,V0058,45,9.0
INV0940,D027,V0282,28,9.0
INV0941,D009,V0008,45,10.0
INV0942,D034,V0059,42,10.0
INV0943,D045,V0106,2,10.0
INV0944,D010,V0278,23,
INV0945,D002,V0224,30,5.0
INV0946,D047,V0091,26,7.0
INV0947,D019,V0080,23,6.0
INV0948,D003,V0424,1,6.0
INV0949,D031,V0456,39,5.0
INV0950,D047,V0151,31,3.0
INV0951,D049,V0135,40,9.0
INV0952,D003,V0459,19,3.0
INV0953,D028,V0345,45,4.0
INV0954,D035,V0319,8,4.0
INV0955,D009,V0299,33,5.0
INV0956,D023,V0093,32,5.0
INV0957,D026,V0115,49,10.0
INV0958,D008,V0374,15,8.0
INV0959,D001,V0474,12,6.0
INV0960,D032,V0012,14,8.0
INV0961,D017,V0122,32,4.0
INV0962,D013,V0053,50,5.0
INV0963,D003,V0460,35,6.0
INV0964,D033,V0253,12,3.0
INV0965,D039,V0182,5,9.0
INV0966,D017,V0312,7,8.0
INV0967,D011,V0061,41,6.0
INV0968,D050,V0008,1,10.0
INV0969,D029,V0243,26,7.0
INV0970,D020,V0089,8,5.0
INV0971,D023,V0351,28,5.0
INV0972,D023,V0070,45,8.0
INV0973,D014,V0216,13,4.0
INV0974,D007,V0466,28,7.0
INV0975,D005,V0144,31,3.0
INV0976,D001,V0165,8,4.0
INV0977,D050,V0257,9,9.0
INV0978,D029,V0213,26,8.0
INV0979,D007,V0002,21,6.0
INV0980,D020,V0277,6,3.0
INV0981,D037,V0448,3,5.0
INV0982,D040,V0331,4,9.0
INV0983,D006,V0333,35,3.0
INV0984,D012,V0481,-2,6.0
INV0985,D036,V0321,50,5.0
INV0986,D043,V0322,17,5.0
INV0987,D031,V0142,4,9.0
INV0988,D018,V0059,45,4.0
INV0989,D008,V0340,39,3.0
INV0990,D048,V0235,19,10.0
INV0991,D019,V0064,5,7.0
INV0992,D013,V0363,1,4.0
INV0993,D020,V0435,37,8.0
INV0994,D022,V0427,23,10.0
INV0995,D024,V0222,15,9.0
INV0996,D046,V0438,18,4.0
INV0997,D037,V0017,28,4.0
INV0998,D033,V0016,4,4.0
INV0999,D044,V0057,41,5.0
INV1000,D041,V0305,4,6.0
INV1001,D003,V0308,41,5.0
INV1002,D018,V0199,4,2.0
INV1003,D032,V0408,12,5.0
INV1004,D046,V0080,6,4.0
INV1005,D046,V0228,38,6.0
INV1006,D016,V0348,23,10.0
INV1007,D007,V0152,23,8.0
INV1008,D045,V0257,31,5.0
INV1009,D047,V0438,19,7.0
INV1010,D045,V0303,21,6.0
INV1011,D029,V0434,46,8.0
INV1012,D017,V0198,35,3.0
INV1013,D032,V0079,44,9.0
INV1014,D037,V0195,27,7.0
INV1015,D015,V0397,7,9.0
INV1016,D017,V0365,20,3.0
INV1017,D001,V0055,4,6.0
INV1018,D041,V0061,20,8.0
INV1019,D025,V0464,20,3.0
INV1020,D008,V0190,16,5.0
INV1021,D050,V0476,26,4.0
INV1022,D025,V0130,41,9.0
INV1023,D019,V0499,2,6.0
INV1024,D017,V0116,5,2.0
INV1025,D015,V0035,21,8.0
INV1026,D035,V0079,47,4.0
INV1027,D044,V0248,29,3.0
INV1028,D002,V0210,9,7.0
INV1029,D025,V0171,5,9.0
INV1030,D024,V0279,25,8.0
INV1031,D047,V0230,30,3.0
INV1032,D042,V0234,28,9.0
INV1033,D009,V0075,14,9.0
INV1034,D046,V0467,13,9.0
INV1035,D024,V0034,22,9.0
INV1036,D021,V0415,43,6.0
INV1037,D036,V0282,4,5.0
INV1038,D026,V0393,3,6.0
INV1039,D031,V0013,26,2.0
INV1040,D032,V0401,44,2.0
INV1041,D032,V0386,38,5.0
INV1042,D035,V0483,12,4.0
INV1043,D011,V0454,1,6.0
INV1044,D016,V0372,29,3.0
INV1045,D005,V0492,5,2.0
INV1046,D047,V0431,4,6.0
INV1047,D003,V0215,10,6.0
INV1048,D028,V0233,21,8.0
INV1049,D029,V0285,6,6.0
INV1050,D036,V0466,31,8.0
INV1051,D021,V0075,9,8.0
INV1052,D012,V0154,41,3.0
INV1053,D004,V0314,40,2.0
INV1054,D047,V0386,48,9.0
INV1055,D032,V0156,42,9.0
INV1056,D010,V0426,42,3.0
INV1057,D044,V0345,50,9.0
INV1058,D033,V0077,24,4.0
INV1059,D004,V0328,5,4.0
INV1060,D021,V0343,13,
INV1061,D045,V0374,25,5.0
INV1062,D007,V0284,26,9.0
INV1063,D019,V0168,24,2.0
INV1064,D023,V0381,32,7.0
INV1065,D049,V0246,1,6.0
INV1066,D049,V0185,21,10.0
INV1067,D008,V0253,25,3.0
INV1068,D016,V0383,31,10.0
INV1069,D011,V0441,6,6.0
INV1070,D033,V0109,42,2.0
INV1071,D042,V0295,28,5.0
INV1072,D001,V0173,16,5.0
INV1073,D014,V0437,16,3.0
INV1074,D045,V0163,25,6.0
INV1075,D029,V0383,26,8.0
INV1076,D011,V0090,14,10.0
INV1077,D017,V0072,39,8.0
INV1078,D007,V0378,26,4.0
INV1079,D015,V0407,34,
INV1080,D045,V0409,37,3.0
INV1081,D027,V0035,5,7.0
INV1082,D009,V0066,45,5.0
INV1083,D016,V0159,5,5.0
INV1084,D024,V0471,3,5.0
INV1085,D032,V0157,26,8.0
INV1086,D027,V0380,23,8.0
INV1087,D028,V0243,42,2.0
INV1088,D020,V0365,16,8.0
INV1089,D024,V0224,26,10.0
INV1090,D026,V0218,23,9.0
INV1091,D018,V0308,49,
INV1092,D034,V0238,40,6.0
INV1093,D030,V0187,2,3.0
INV1094,D040,V0377,26,7.0
INV1095,D043,V0389,20,3.0
INV1096,D013,V0122,31,5.0
INV1097,D015,V0271,33,8.0
INV1098,D006,V0123,41,
INV1099,D026,V0372,24,4.0
INV1100,D027,V0016,41,5.0
INV1101,D013,V0337,47,5.0
INV1102,D049,V0499,15,4.0
INV1103,D004,V0262,11,2.0
INV1104,D049,V0219,10,8.0
INV1105,D049,V0491,6,8.0
INV1106,D044,V0307,26,10.0
INV1107,D024,V0148,41,2.0
INV1108,D039,V0435,16,5.0
INV1109,D004,V0367,44,2.0
INV1110,D001,V0361,29,8.0
INV1111,D017,V0353,17,8.0
INV1112,D029,V0320,0,4.0
INV1113,D045,V0115,16,3.0
INV1114,D002,V0230,22,10.0
INV1115,D011,V0390,8,7.0
INV1116,D032,V0237,28,5.0
INV1117,D018,V0195,18,9.0
INV1118,D024,V0415,25,6.0
INV1119,D041,V0341,27,4.0
INV1120,D049,V0012,15,5.0
INV1121,D025,V0247,8,4.0
INV1122,D013,V0461,38,2.0
INV1123,D006,V0241,22,2.0
INV1124,D038,V0276,6,4.0
INV1125,D002,V0335,21,8.0
INV1126,D036,V0332,-13,2.0
INV1127,D043,V0376,11,10.0
INV1128,D042,V0456,17,9.0
INV1129,D004,V0274,-1,4.0
INV1130,D047,V0494,27,8.0
INV1131,D010,V0175,21,2.0
INV1132,D034,V0029,-13,
INV1133,D022,V0183,15,6.0
INV1134,D015,V0061,25,5.0
INV1135,D040,V0484,5,9.0
INV1136,D014,V0079,11,2.0
INV1137,D048,V0262,44,9.0
INV1138,D040,V0204,14,6.0
INV1139,D048,V0403,30,4.0
INV1140,D026,V0009,43,4.0
INV1141,D044,V0291,4,4.0
INV1142,D019,V0072,11,6.0
INV1143,D013,V0356,19,4.0
INV1144,D028,V0317,23,3.0
INV1145,D047,V0245,36,8.0
INV1146,D045,V0317,15,2.0
INV1147,D048,V0255,30,3.0
INV1148,D027,V0286,18,4.0
INV1149,D039,V0362,32,5.0
INV1150,D021,V0278,19,3.0
INV1151,D024,V0289,22,5.0
INV1152,D027,V0463,39,5.0
INV1153,D001,V0123,22,5.0
INV1154,D022,V0098,10,
INV1155,D037,V0390,20,2.0
INV1156,D025,V0147,48,5.0
INV1157,D017,V0409,39,6.0
INV1158,D027,V0263,16,7.0
INV1159,D001,V0281,2,2.0
INV1160,D002,V0424,43,5.0
INV1161,D003,V0478,5,9.0
INV1162,D010,V0053,13,10.0
INV1163,D044,V0030,9,8.0
INV1164,D019,V0262,13,4.0
INV1165,D003,V0448,50,2.0
INV1166,D005,V0097,8,2.0
INV1167,D027,V0269,36,9.0
INV1168,D042,V0322,10,10.0
INV1169,D040,V0101,18,5.0
INV1170,D044,V0343,2,3.0
INV1171,D025,V0266,0,10.0
INV1172,D038,V0059,45,7.0
INV1173,D050,V0118,10,3.0
INV1174,D045,V0466,39,5.0
INV1175,D042,V0359,17,6.0
INV1176,D019,V0365,16,9.0
INV1177,D018,V0312,2,4.0
INV1178,D017,V0422,38,10.0
INV1179,D049,V0302,46,
INV1180,D048,V0033,24,4.0
INV1181,D008,V0054,33,4.0
INV1182,D009,V0085,11,5.0
INV1183,D006,V0171,8,4.0
INV1184,D036,V0324,31,5.0
INV1185,D008,V0085,11,7.0
INV1186,D004,V0037,42,10.0
INV1187,D042,V0254,-9,10.0
INV1188,D008,V0014,33,5.0
INV1189,D036,V0095,16,6.0
INV1190,D008,V0282,22,7.0
INV1191,D032,V0011,22,2.0
INV1192,D050,V0407,48,4.0
INV1193,D005,V0174,5,10.0
INV1194,D007,V0189,48,3.0
INV1195,D018,V0297,17,2.0
INV1196,D040,V0181,49,2.0
INV1197,D025,V0017,18,3.0
INV1198,D027,V0081,34,
INV1199,D037,V0009,22,6.0
INV1200,D027,V0348,20,3.0
INV1201,D023,V0314,11,5.0
INV1202,D050,V0154,30,8.0
INV1203,D049,V0034,47,5.0
INV1204,D007,V0029,24,9.0
INV1205,D037,V0305,41,5.0
INV1206,D016,V0031,43,10.0
INV1207,D026,V0261,4,6.0
INV1208,D049,V0475,17,7.0
INV1209,D019,V0053,29,9.0
INV1210,D007,V0138,16,4.0
INV1211,D007,V0105,43,4.0
INV1212,D038,V0390,28,4.0
INV1213,D013,V0408,12,6.0
INV1214,D012,V0192,37,4.0
INV1215,D031,V0022,26,3.0
INV1216,D025,V0201,38,9.0
INV1217,D045,V0068,48,8.0
INV1218,D026,V0168,3,5.0
INV1219,D048,V0457,22,8.0
INV1220,D050,V0396,7,
INV1221,D048,V0328,24,9.0
INV1222,D015,V0022,36,7.0
INV1223,D009,V0205,24,2.0
INV1224,D010,V0359,46,2.0
INV1225,D027,V0399,37,7.0
INV1226,D004,V0390,45,10.0
INV1227,D040,V0058,31,4.0
INV1228,D006,V0452,26,6.0
INV1229,D042,V0241,26,4.0
INV1230,D024,V0182,48,6.0
INV1231,D048,V0214,30,7.0
INV1232,D029,V0106,0,10.0
INV1233,D041,V0148,4,5.0
INV1234,D031,V0347,31,6.0
INV1235,D036,V0342,15,9.0
INV1236,D015,V0124,1,3.0
INV1237,D013,V0208,3,10.0
INV1238,D020,V0137,19,10.0
INV1239,D029,V0258,34,9.0
INV1240,D017,V0161,44,6.0
INV1241,D045,V0359,39,9.0
INV1242,D028,V0352,21,10.0
INV1243,D022,V0272,19,6.0
INV1244,D002,V0413,27,3.0
INV1245,D018,V0187,39,3.0
INV1246,D021,V0100,28,7.0
INV1247,D050,V0139,29,
INV1248,D017,V0446,43,7.0
INV1249,D047,V0038,8,10.0
INV1250,D021,V0449,24,5.0
INV1251,D027,V0499,28,9.0
INV1252,D014,V0082,27,6.0
INV1253,D015,V0450,15,5.0
INV1254,D028,V0231,47,5.0
INV1255,D002,V0036,32,9.0
INV1256,D019,V0032,35,2.0
INV1257,D027,V0423,1,2.0
INV1258,D001,V0222,49,5.0
INV1259,D040,V0147,16,7.0
INV1260,D014,V0413,28,9.0
INV1261,D017,V0340,0,7.0
INV1262,D028,V0274,43,2.0
INV1263,D027,V0370,2,3.0
INV1264,D031,V0308,16,
INV1265,D037,V0374,14,
INV1266,D002,V0214,21,7.0
INV1267,D019,V0103,9,6.0
INV1268,D026,V0490,31,2.0
INV1269,D030,V0305,42,4.0
INV1270,D022,V0307,30,9.0
INV1271,D008,V0384,0,9.0
INV1272,D039,V0173,3,2.0
INV1273,D006,V0376,11,5.0
INV1274,D005,V0250,27,6.0
INV1275,D028,V0446,15,2.0
INV1276,D009,V0218,16,8.0
INV1277,D049,V0015,38,10.0
INV1278,D033,V0435,46,10.0
INV1279,D030,V0306,1,2.0
INV1280,D037,V0357,38,8.0
INV1281,D009,V0309,18,9.0
INV1282,D008,V0295,27,6.0
INV1283,D031,V0062,16,8.0
INV1284,D014,V0493,0,7.0
INV1285,D001,V0223,0,8.0
INV1286,D001,V0482,18,3.0
INV1287,D035,V0032,1,
INV1288,D023,V0394,39,9.0
INV1289,D014,V0412,40,3.0
INV1290,D049,V0039,50,2.0
INV1291,D032,V0149,49,7.0
INV1292,D013,V0490,6,6.0
INV1293,D046,V0172,38,7.0
INV1294,D037,V0110,23,9.0
INV1295,D047,V0111,14,5.0
INV1296,D025,V0060,13,
INV1297,D003,V0426,26,8.0
INV1298,D041,V0451,47,10.0
INV1299,D042,V0334,44,7.0
INV1300,D046,V0248,38,
INV1301,D038,V0028,9,6.0
INV1302,D011,V0206,2,6.0
INV1303,D026,V0495,14,3.0
INV1304,D008,V0057,50,7.0
INV1305,D020,V0453,30,2.0
INV1306,D033,V0425,19,10.0
INV1307,D045,V0277,40,9.0
INV1308,D027,V0157,21,10.0
INV1309,D014,V0312,41,8.0
INV1310,D041,V0258,31,5.0
INV1311,D032,V0152,7,2.0
INV1312,D041,V0295,39,2.0
INV1313,D011,V0087,15,10.0
INV1314,D014,V0365,42,6.0
INV1315,D045,V0422,49,5.0
INV1316,D023,V0167,47,2.0
INV1317,D035,V0217,31,9.0
INV1318,D011,V0180,21,4.0
INV1319,D036,V0012,32,9.0
INV1320,D015,V0013,22,7.0
INV1321,D005,V0381,46,6.0
INV1322,D011,V0212,35,4.0
INV1323,D022,V0143,7,2.0
INV1324,D014,V0392,2,8.0
INV1325,D026,V0107,4,3.0
INV1326,D031,V0326,42,9.0
INV1327,D016,V0197,27,8.0
INV1328,D002,V0037,8,8.0
INV1329,D037,V0437,6,4.0
INV1330,D042,V0306,15,3.0
INV1331,D020,V0224,11,5.0
INV1332,D033,V0212,16,10.0
INV1333,D008,V0025,19,8.0
INV1334,D020,V0206,4,8.0
INV1335,D022,V0253,-10,2.0
INV1336,D045,V0435,0,4.0
INV1337,D012,V0353,2,6.0
INV1338,D025,V0484,22,8.0
INV1339,D025,V0143,5,4.0
INV1340,D017,V0064,29,
INV1341,D033,V0225,18,6.0
INV1342,D028,V0087,44,2.0
INV1343,D001,V0032,12,6.0
INV1344,D029,V0373,28,2.0
INV1345,D026,V0451,19,8.0
INV1346,D010,V0465,35,9.0
INV1347,D018,V0348,3,
INV1348,D026,V0106,49,3.0
INV1349,D037,V0424,2,9.0
INV1350,D016,V0465,49,9.0
INV1351,D015,V0325,36,10.0
INV1352,D001,V0392,8,9.0
INV1353,D043,V0257,22,8.0
INV1354,D044,V0347,-6,8.0
INV1355,D034,V0009,14,7.0
INV1356,D021,V0143,-13,7.0
INV1357,D004,V0125,35,9.0
INV1358,D041,V0091,42,6.0
INV1359,D008,V0029,42,10.0
INV1360,D036,V0312,23,6.0
INV1361,D026,V0430,23,3.0
INV1362,D009,V0333,2,6.0
INV1363,D016,V0324,12,9.0
INV1364,D010,V0047,20,5.0
INV1365,D020,V0466,10,4.0
INV1366,D045,V0290,39,10.0
INV1367,D050,V0231,43,3.0
INV1368,D023,V0277,47,4.0
INV1369,D042,V0175,45,5.0
INV1370,D046,V0040,50,7.0
INV1371,D047,V0164,2,9.0
INV1372,D004,V0230,27,8.0
INV1373,D036,V0087,4,
INV1374,D029,V0016,31,5.0
INV1375,D029,V0348,13,
INV1376,D014,V0350,2,6.0
INV1377,D005,V0172,16,8.0
INV1378,D011,V0434,16,8.0
INV1379,D027,V0466,48,2.0
INV1380,D031,V0388,35,8.0
INV1381,D008,V0187,39,7.0
INV1382,D006,V0408,8,9.0
INV1383,D042,V0068,36,7.0
INV1384,D029,V0141,15,5.0
INV1385,D049,V0274,0,5.0
INV1386,D047,V0002,42,9.0
INV1387,D013,V0420,23,
INV1388,D020,V0255,48,2.0
INV1389,D031,V0082,2,10.0
INV1390,D015,V0263,33,6.0
INV1391,D048,V0455,48,9.0
INV1392,D040,V0376,45,4.0
INV1393,D038,V0018,19,7.0
INV1394,D019,V0116,44,4.0
INV1395,D011,V0452,42,8.0
INV1396,D003,V0476,1,2.0
INV1397,D029,V0133,47,5.0
INV1398,D032,V0318,21,3.0
INV1399,D010,V0490,46,5.0
INV1400,D043,V0368,48,2.0
INV1401,D023,V0464,24,2.0
INV1402,D040,V0420,17,8.0
INV1403,D038,V0131,24,9.0
INV1404,D038,V0173,21,6.0
INV1405,D045,V0133,19,4.0
INV1406,D012,V0002,16,10.0
INV1407,D041,V0430,35,4.0
INV1408,D050,V0088,33,9.0
INV1409,D031,V0168,39,5.0
INV1410,D040,V0180,9,3.0
INV1411,D023,V0109,30,8.0
INV1412,D041,V0168,22,10.0
INV1413,D028,V0089,16,6.0
INV1414,D039,V0021,33,4.0
INV1415,D015,V0228,39,6.0
INV1416,D029,V0303,8,7.0
INV1417,D033,V0048,49,3.0
INV1418,D014,V0172,34,3.0
INV1419,D027,V0480,22,9.0
INV1420,D030,V0056,47,5.0
INV1421,D013,V0029,44,3.0
INV1422,D008,V0195,33,5.0
INV1423,D018,V0442,20,9.0
INV1424,D016,V0436,11,3.0
INV1425,D044,V0461,40,9.0
INV1426,D047,V0085,10,7.0
INV1427,D039,V0220,36,3.0
INV1428,D044,V0420,40,2.0
INV1429,D045,V0124,41,
INV1430,D011,V0487,8,3.0
INV1431,D038,V0003,5,2.0
INV1432,D003,V0285,1,7.0
INV1433,D045,V0340,8,9.0
INV1434,D007,V0163,20,9.0
INV1435,D018,V0173,27,
INV1436,D046,V0020,14,3.0
INV1437,D007,V0225,45,
INV1438,D024,V0190,45,6.0
INV1439,D019,V0491,36,10.0
INV1440,D036,V0011,40,5.0
INV1441,D034,V0053,13,10.0
INV1442,D013,V0435,14,
INV1443,D021,V0287,19,10.0
INV1444,D025,V0088,45,2.0
INV1445,D031,V0348,18,10.0
INV1446,D001,V0137,50,4.0
INV1447,D022,V0170,2,8.0
INV1448,D039,V0334,29,2.0
INV1449,D014,V0351,30,6.0
INV1450,D022,V0083,14,2.0
INV1451,D018,V0176,25,3.0
INV1452,D019,V0180,26,6.0
INV1453,D005,V0087,15,7.0
INV1454,D038,V0500,5,2.0
INV1455,D047,V0393,0,7.0
INV1456,D035,V0142,10,8.0
INV1457,D007,V0412,38,7.0
INV1458,D050,V0351,43,5.0
INV1459,D016,V0249,9,2.0
INV1460,D044,V0237,22,7.0
INV1461,D013,V0007,33,4.0
INV1462,D020,V0040,24,7.0
INV1463,D015,V0028,29,9.0
INV1464,D004,V0277,0,5.0
INV1465,D013,V0107,35,8.0
INV1466,D021,V0374,23,5.0
INV1467,D015,V0105,28,3.0
INV1468,D046,V0288,5,10.0
INV1469,D048,V0072,28,5.0
INV1470,D043,V0455,25,4.0
INV1471,D013,V0261,36,6.0
INV1472,D014,V0342,15,6.0
INV1473,D011,V0163,22,9.0
INV1474,D012,V0068,31,8.0
INV1475,D029,V0312,11,4.0
INV1476,D023,V0452,36,7.0
INV1477,D007,V0432,37,5.0
INV1478,D045,V0175,32,9.0
INV1479,D046,V0048,3,2.0
INV1480,D044,V0493,30,3.0
INV1481,D018,V0170,2,7.0
INV1482,D004,V0104,45,9.0
INV1483,D013,V0342,13,5.0
INV1484,D002,V0123,45,8.0
INV1485,D023,V0293,31,4.0
INV1486,D050,V0423,30,3.0
INV1487,D036,V0126,22,9.0
INV1488,D025,V0367,4,6.0
INV1489,D016,V0033,39,7.0
INV1490,D029,V0456,42,5.0
INV1491,D028,V0461,1,5.0
INV1492,D036,V0137,6,4.0
INV1493,D050,V0235,26,5.0
INV1494,D003,V0199,42,5.0
INV1495,D022,V0165,15,7.0
INV1496,D007,V0391,38,2.0
INV1497,D044,V0177,5,6.0
INV1498,D015,V0202,48,10.0
INV1499,D046,V0076,19,5.0
INV1500,D022,V0162,11,7.0
INV1501,D024,V0313,20,9.0
INV1502,D027,V0231,31,8.0
INV1503,D005,V0420,22,4.0
INV1504,D039,V0213,44,6.0
INV1505,D006,V0172,42,4.0
INV1506,D004,V0464,13,7.0
INV1507,D020,V0248,31,3.0
INV1508,D050,V0165,14,5.0
INV1509,D010,V0437,33,10.0
INV1510,D042,V0451,32,3.0
INV1511,D016,V0248,27,
INV1512,D005,V0354,17,5.0
INV1513,D041,V0041,16,5.0
INV1514,D011,V0394,15,10.0
INV1515,D005,V0078,1,8.0
INV1516,D025,V0123,34,9.0
INV1517,D013,V0012,40,3.0
INV1518,D019,V0006,38,5.0
INV1519,D015,V0424,2,8.0
INV1520,D007,V0423,17,5.0
INV1521,D028,V0205,39,3.0
INV1522,D017,V0399,23,2.0
INV1523,D007,V0386,-2,8.0
INV1524,D037,V0251,27,8.0
INV1525,D002,V0211,3,5.0
INV1526,D020,V0212,34,8.0
INV1527,D003,V0085,10,3.0
INV1528,D024,V0103,2,10.0
INV1529,D009,V0009,14,9.0
INV1530,D042,V0233,13,4.0
INV1531,D038,V0040,47,6.0
INV1532,D017,V0088,19,7.0
INV1533,D002,V0215,42,
INV1534,D013,V0371,12,8.0
INV1535,D043,V0497,24,10.0
INV1536,D009,V0246,12,3.0
INV1537,D034,V0006,50,
INV1538,D046,V0325,31,9.0
INV1539,D001,V0234,28,3.0
INV1540,D003,V0052,3,7.0
INV1541,D008,V0161,15,3.0
INV1542,D004,V0145,39,3.0
INV1543,D004,V0151,40,2.0
INV1544,D016,V0177,45,5.0
INV1545,D006,V0035,11,
INV1546,D002,V0108,29,3.0
INV1547,D017,V0244,10,2.0
INV1548,D010,V0334,37,5.0
INV1549,D037,V0498,28,9.0
INV1550,D020,V0092,14,9.0
INV1551,D031,V0255,29,8.0
INV1552,D013,V0129,32,5.0
INV1553,D025,V0447,3,9.0
INV1554,D003,V0428,26,5.0
INV1555,D034,V0157,46,5.0
INV1556,D014,V0320,0,8.0
INV1557,D032,V0334,35,6.0
INV1558,D029,V0464,46,8.0
INV1559,D040,V0227,3,4.0
INV1560,D036,V0404,15,3.0
INV1561,D029,V0167,41,10.0
INV1562,D031,V0454,22,8.0
INV1563,D049,V0125,-13,8.0
INV1564,D049,V0249,40,2.0
INV1565,D039,V0223,19,5.0
INV1566,D040,V0270,6,8.0
INV1567,D032,V0202,36,3.0
INV1568,D029,V0424,38,2.0
INV1569,D026,V0196,21,3.0
INV1570,D032,V0200,0,3.0
INV1571,D023,V0105,18,4.0
INV1572,D029,V0027,19,9.0
INV1573,D029,V0439,16,
INV1574,D018,V0257,29,3.0
INV1575,D040,V0311,29,10.0
INV1576,D016,V0367,5,7.0
INV1577,D006,V0461,26,3.0
INV1578,D033,V0154,9,6.0
INV1579,D002,V0264,23,9.0
INV1580,D047,V0061,48,9.0
INV1581,D035,V0286,30,2.0
INV1582,D033,V0254,49,2.0
INV1583,D028,V0350,32,7.0
INV1584,D026,V0199,37,2.0
INV1585,D023,V0367,32,3.0
INV1586,D029,V0180,40,6.0
INV1587,D041,V0126,4,9.0
INV1588,D012,V0364,15,4.0
INV1589,D049,V0165,26,9.0
INV1590,D041,V0117,21,10.0
INV1591,D041,V0346,38,5.0
INV1592,D001,V0311,15,3.0
INV1593,D037,V0419,49,7.0
INV1594,D025,V0003,19,4.0
INV1595,D030,V0299,11,5.0
INV1596,D025,V0385,4,3.0
INV1597,D026,V0296,23,7.0
INV1598,D020,V0064,26,4.0
INV1599,D002,V0303,8,3.0
INV1600,D026,V0178,-7,3.0
INV1601,D040,V0027,0,8.0
INV1602,D020,V0027,36,3.0
INV1603,D008,V0076,49,6.0
INV1604,D002,V0092,20,5.0
INV1605,D035,V0137,8,2.0
INV1606,D024,V0492,14,8.0
INV1607,D040,V0383,15,8.0
INV1608,D037,V0478,6,
INV1609,D003,V0235,32,6.0
INV1610,D011,V0175,11,3.0
INV1611,D020,V0245,32,7.0
INV1612,D013,V0167,4,3.0
INV1613,D009,V0213,15,7.0
INV1614,D033,V0228,-1,5.0
INV1615,D029,V0191,26,2.0
INV1616,D044,V0438,26,10.0
INV1617,D046,V0379,42,6.0
INV1618,D018,V0129,50,3.0
INV1619,D036,V0382,8,3.0
INV1620,D029,V0012,5,10.0
INV1621,D021,V0417,20,3.0
INV1622,D040,V0187,3,8.0
INV1623,D038,V0051,30,8.0
INV1624,D003,V0222,25,8.0
INV1625,D036,V0449,12,9.0
INV1626,D003,V0480,35,2.0
INV1627,D020,V0139,17,3.0
INV1628,D019,V0108,16,5.0
INV1629,D020,V0377,10,7.0
INV1630,D007,V0223,38,5.0
INV1631,D027,V0191,16,3.0
INV1632,D037,V0500,32,9.0
INV1633,D027,V0495,14,7.0
INV1634,D026,V0164,23,2.0
INV1635,D048,V0283,26,7.0
INV1636,D018,V0036,34,3.0
INV1637,D030,V0090,33,10.0
INV1638,D009,V0107,44,10.0
INV1639,D030,V0173,19,9.0
INV1640,D005,V0081,42,10.0
INV1641,D043,V0473,7,6.0
INV1642,D015,V0308,15,8.0
INV1643,D018,V0214,50,7.0
INV1644,D038,V0376,20,7.0
INV1645,D046,V0499,23,9.0
INV1646,D011,V0353,7,9.0
INV1647,D038,V0397,48,3.0
INV1648,D037,V0001,28,6.0
INV1649,D005,V0347,9,5.0
INV1650,D046,V0491,2,
INV1651,D017,V0109,2,7.0
INV1652,D048,V0308,8,2.0
INV1653,D036,V0263,34,2.0
INV1654,D028,V0156,27,10.0
INV1655,D009,V0363,5,9.0
INV1656,D047,V0374,29,9.0
INV1657,D006,V0239,38,7.0
INV1658,D019,V0415,29,7.0
INV1659,D004,V0497,14,9.0
INV1660,D043,V0478,37,4.0
INV1661,D040,V0450,12,6.0
INV1662,D014,V0219,12,7.0
INV1663,D033,V0053,42,2.0
INV1664,D019,V0085,20,
INV1665,D016,V0305,8,9.0
INV1666,D034,V0442,32,8.0
INV1667,D040,V0151,46,9.0
INV1668,D002,V0414,0,
INV1669,D050,V0060,16,7.0
INV1670,D010,V0281,18,5.0
INV1671,D009,V0397,24,8.0
INV1672,D011,V0128,0,5.0
INV1673,D031,V0265,8,2.0
INV1674,D048,V0379,22,7.0
INV1675,D029,V0484,37,4.0
INV1676,D027,V0277,27,2.0
INV1677,D030,V0005,14,2.0
INV1678,D013,V0346,22,4.0
INV1679,D013,V0374,23,2.0
INV1680,D011,V0060,14,7.0
INV1681,D020,V0500,28,3.0
INV1682,D006,V0267,21,8.0
INV1683,D039,V0179,15,3.0
INV1684,D035,V0266,8,9.0
INV1685,D046,V0070,20,4.0
INV1686,D011,V0058,41,4.0
INV1687,D050,V0324,4,7.0
INV1688,D042,V0001,18,10.0
INV1689,D001,V0034,1,2.0
INV1690,D026,V0460,48,10.0
INV1691,D002,V0024,5,10.0
INV1692,D010,V0181,5,4.0
INV1693,D029,V0036,7,7.0
INV1694,D032,V0427,9,3.0
INV1695,D034,V0203,12,4.0
INV1696,D016,V0167,3,4.0
INV1697,D016,V0153,38,4.0
INV1698,D018,V0094,29,7.0
INV1699,D020,V0006,1,3.0
INV1700,D005,V0184,23,10.0
INV1701,D043,V0045,1,5.0
INV1702,D034,V0135,31,9.0
INV1703,D003,V0278,45,2.0
INV1704,D046,V0381,46,6.0
INV1705,D020,V0427,15,4.0
INV1706,D011,V0019,24,10.0
INV1707,D034,V0330,36,6.0
INV1708,D031,V0453,43,10.0
INV1709,D017,V0473,6,10.0
INV1710,D014,V0267,49,2.0
INV1711,D018,V0264,0,5.0
INV1712,D011,V0498,12,9.0
INV1713,D050,V0097,29,10.0
INV1714,D004,V0177,42,3.0
INV1715,D032,V0256,25,8.0
INV1716,D024,V0445,45,8.0
INV1717,D002,V0218,46,8.0
INV1718,D036,V0170,1,6.0
INV1719,D023,V0299,15,5.0
INV1720,D010,V0001,5,5.0
INV1721,D031,V0072,35,3.0
INV1722,D015,V0453,37,3.0
INV1723,D035,V0406,13,10.0
INV1724,D027,V0362,22,7.0
INV1725,D032,V0188,17,10.0
INV1726,D023,V0390,9,9.0
INV1727,D011,V0253,29,2.0
INV1728,D032,V0281,10,6.0
INV1729,D023,V0033,1,9.0
INV1730,D030,V0277,21,3.0
INV1731,D023,V0249,39,8.0
INV1732,D010,V0328,8,4.0
INV1733,D013,V0426,23,2.0
INV1734,D018,V0458,15,9.0
INV1735,D003,V0136,34,2.0
INV1736,D018,V0054,30,8.0
INV1737,D039,V0089,3,3.0
INV1738,D029,V0233,22,3.0
INV1739,D046,V0046,36,4.0
INV1740,D011,V0395,21,4.0
INV1741,D019,V0452,11,2.0
INV1742,D013,V0358,47,8.0
INV1743,D018,V0039,33,3.0
INV1744,D025,V0153,27,10.0
INV1745,D044,V0024,41,9.0
INV1746,D041,V0338,40,7.0
INV1747,D014,V0135,50,6.0
INV1748,D008,V0094,31,8.0
INV1749,D010,V0202,34,2.0
INV1750,D002,V0090,25,3.0
INV1751,D045,V0464,26,2.0
INV1752,D050,V0038,6,5.0
INV1753,D027,V0391,16,6.0
INV1754,D011,V0422,9,8.0
INV1755,D005,V0364,39,6.0
INV1756,D041,V0259,32,4.0
INV1757,D045,V0169,0,4.0
INV1758,D002,V0190,35,6.0
INV1759,D040,V0193,26,9.0
INV1760,D025,V0471,22,9.0
INV1761,D041,V0051,36,
INV1762,D011,V0417,24,10.0
INV1763,D046,V0373,11,7.0
INV1764,D039,V0116,40,6.0
INV1765,D006,V0254,20,4.0
INV1766,D036,V0439,48,9.0
INV1767,D046,V0388,48,5.0
INV1768,D039,V0320,7,3.0
INV1769,D003,V0442,1,8.0
INV1770,D034,V0090,38,8.0
INV1771,D032,V0475,21,
INV1772,D022,V0020,21,10.0
INV1773,D015,V0394,3,6.0
INV1774,D012,V0183,32,6.0
INV1775,D026,V0329,44,2.0
INV1776,D043,V0499,13,10.0
INV1777,D030,V0101,39,2.0
INV1778,D047,V0391,47,
INV1779,D043,V0230,28,7.0
INV1780,D047,V0469,14,
INV1781,D039,V0312,4,6.0
INV1782,D027,V0291,0,2.0
INV1783,D048,V0397,42,7.0
INV1784,D017,V0349,33,6.0
INV1785,D048,V0318,22,4.0
INV1786,D033,V0163,5,5.0
INV1787,D032,V0001,24,3.0
INV1788,D042,V0264,42,6.0
INV1789,D045,V0045,34,7.0
INV1790,D016,V0480,3,
INV1791,D036,V0037,47,6.0
INV1792,D024,V0197,11,5.0
INV1793,D023,V0143,30,9.0
INV1794,D027,V0497,43,2.0
INV1795,D004,V0069,28,3.0
INV1796,D033,V0352,0,9.0
INV1797,D007,V0149,9,6.0
INV1798,D031,V0104,35,3.0
INV1799,D048,V0491,1,5.0
INV1800,D037,V0442,29,10.0
INV1801,D027,V0094,38,9.0
INV1802,D044,V0088,44,2.0
INV1803,D021,V0152,43,9.0
INV1804,D011,V0103,33,10.0
INV1805,D003,V0180,26,2.0
INV1806,D017,V0199,7,9.0
INV1807,D023,V0240,-8,5.0
INV1808,D023,V0018,45,
INV1809,D007,V0204,50,6.0
INV1810,D012,V0238,-4,3.0
INV1811,D005,V0325,33,9.0
INV1812,D034,V0349,36,
INV1813,D004,V0168,7,3.0
INV1814,D026,V0246,35,5.0
INV1815,D023,V0386,8,2.0
INV1816,D035,V0435,6,7.0
INV1817,D037,V0292,8,3.0
INV1818,D038,V0056,-2,8.0
INV1819,D015,V0451,16,3.0
INV1820,D020,V0431,15,3.0
INV1821,D019,V0194,29,3.0
INV1822,D011,V0127,34,10.0
INV1823,D033,V0112,22,10.0
INV1824,D027,V0160,50,6.0
INV1825,D001,V0399,13,7.0
INV1826,D007,V0238,24,9.0
INV1827,D006,V0135,17,4.0
INV1828,D021,V0393,33,5.0
INV1829,D017,V0083,37,5.0
INV1830,D011,V0091,9,9.0
INV1831,D009,V0385,46,8.0
INV1832,D043,V0192,8,6.0
INV1833,D036,V0423,27,8.0
INV1834,D024,V0028,39,5.0
INV1835,D041,V0016,48,6.0
INV1836,D035,V0390,12,9.0
INV1837,D049,V0021,49,2.0
INV1838,D044,V0487,39,9.0
INV1839,D043,V0037,49,2.0
INV1840,D005,V0211,47,7.0
INV1841,D045,V0039,8,7.0
INV1842,D030,V0293,15,9.0
INV1843,D008,V0210,8,10.0
INV1844,D007,V0108,19,5.0
INV1845,D042,V0450,11,2.0
INV1846,D023,V0011,20,6.0
INV1847,D002,V0187,28,8.0
INV1848,D008,V0471,49,3.0
INV1849,D050,V0202,10,5.0
INV1850,D020,V0413,28,10.0
INV1851,D041,V0201,48,3.0
INV1852,D025,V0393,26,10.0
INV1853,D025,V0412,14,8.0
INV1854,D015,V0485,46,8.0
INV1855,D002,V0233,16,6.0
INV1856,D011,V0490,23,6.0
INV1857,D008,V0039,16,4.0
INV1858,D026,V0227,6,6.0
INV1859,D018,V0230,18,2.0
INV1860,D047,V0187,12,2.0
INV1861,D027,V0043,0,5.0
INV1862,D017,V0186,19,3.0
INV1863,D027,V0142,17,6.0
INV1864,D048,V0300,0,7.0
INV1865,D036,V0381,6,10.0
INV1866,D045,V0285,3,9.0
INV1867,D007,V0040,36,2.0
INV1868,D004,V0313,41,
INV1869,D048,V0097,2,4.0
INV1870,D044,V0114,29,6.0
INV1871,D030,V0360,49,6.0
INV1872,D050,V0481,1,5.0
INV1873,D028,V0104,33,5.0
INV1874,D038,V0466,24,10.0
INV1875,D033,V0472,2,7.0
INV1876,D009,V0428,34,2.0
INV1877,D046,V0264,15,7.0
INV1878,D035,V0482,48,10.0
INV1879,D014,V0381,7,2.0
INV1880,D049,V0042,47,5.0
INV1881,D029,V0088,43,9.0
INV1882,D042,V0310,20,7.0
INV1883,D049,V0359,-1,6.0
INV1884,D016,V0403,31,4.0
INV1885,D030,V0378,27,4.0
INV1886,D036,V0389,11,10.0
INV1887,D042,V0052,10,8.0
INV1888,D020,V0168,1,5.0
INV1889,D029,V0153,14,8.0
INV1890,D008,V0122,24,9.0
INV1891,D004,V0284,26,4.0
INV1892,D029,V0458,50,5.0
INV1893,D032,V0222,20,4.0
INV1894,D011,V0392,15,8.0
INV1895,D028,V0433,45,2.0
INV1896,D028,V0063,40,8.0
INV1897,D036,V0266,23,7.0
INV1898,D009,V0332,-7,2.0
INV1899,D049,V0367,2,8.0
INV1900,D014,V0372,43,9.0
INV1901,D004,V0117,20,3.0
INV1902,D038,V0469,8,8.0
INV1903,D005,V0164,5,7.0
INV1904,D017,V0498,38,5.0
INV1905,D021,V0337,46,3.0
INV1906,D040,V0047,1,5.0
INV1907,D001,V0215,39,3.0
INV1908,D039,V0473,3,4.0
INV1909,D045,V0330,42,4.0
INV1910,D049,V0193,18,3.0
INV1911,D023,V0462,15,6.0
INV1912,D036,V0319,14,8.0
INV1913,D016,V0144,30,6.0
INV1914,D017,V0324,11,5.0
INV1915,D015,V0192,28,7.0
INV1916,D031,V0207,14,4.0
INV1917,D045,V0098,37,8.0
INV1918,D029,V0044,4,6.0
INV1919,D020,V0213,26,8.0
INV1920,D037,V0304,33,2.0
INV1921,D022,V0237,9,
INV1922,D039,V0464,36,2.0
INV1923,D034,V0028,19,3.0
INV1924,D046,V0441,40,6.0
INV1925,D036,V0042,37,2.0
INV1926,D047,V0456,33,5.0
INV1927,D049,V0190,39,2.0
INV1928,D022,V0385,45,3.0
INV1929,D039,V0265,31,2.0
INV1930,D003,V0320,45,5.0
INV1931,D036,V0116,18,2.0
INV1932,D004,V0155,36,8.0
INV1933,D029,V0221,1,6.0
INV1934,D024,V0430,29,3.0
INV1935,D025,V0049,46,10.0
INV1936,D026,V0217,11,7.0
INV1937,D024,V0493,14,7.0
INV1938,D020,V0402,33,5.0
INV1939,D019,V0198,10,8.0
INV1940,D030,V0061,30,2.0
INV1941,D037,V0196,12,7.0
INV1942,D031,V0042,37,8.0
INV1943,D042,V0121,31,
INV1944,D004,V0088,46,4.0
INV1945,D044,V0171,15,2.0
INV1946,D009,V0010,4,4.0
INV1947,D013,V0272,9,2.0
INV1948,D004,V0264,29,3.0
INV1949,D035,V0021,43,10.0
INV1950,D011,V0068,11,5.0
INV1951,D030,V0389,17,4.0
INV1952,D050,V0373,27,9.0
INV1953,D050,V0471,31,2.0
INV1954,D021,V0112,16,9.0
INV1955,D046,V0311,25,3.0
INV1956,D006,V0020,42,8.0
INV1957,D004,V0320,7,3.0
INV1958,D047,V0099,41,8.0
INV1959,D028,V0324,8,7.0
INV1960,D041,V0389,26,8.0
INV1961,D026,V0032,30,10.0
INV1962,D016,V0481,34,3.0
INV1963,D010,V0310,7,5.0
INV1964,D015,V0241,12,4.0
INV1965,D004,V0351,19,6.0
INV1966,D025,V0434,30,7.0
INV1967,D006,V0073,23,2.0
INV1968,D050,V0345,22,2.0
INV1969,D025,V0216,41,6.0
INV1970,D016,V0136,44,
INV1971,D013,V0249,31,9.0
INV1972,D022,V0007,46,10.0
INV1973,D046,V0417,44,7.0
INV1974,D004,V0335,14,3.0
INV1975,D010,V0019,40,8.0
INV1976,D032,V0261,48,6.0
INV1977,D049,V0102,41,7.0
INV1978,D018,V0091,41,10.0
INV1979,D002,V0456,0,7.0
INV1980,D030,V0241,15,
INV1981,D013,V0250,25,5.0
INV1982,D021,V0239,43,8.0
INV1983,D013,V0038,40,6.0
INV1984,D038,V0341,11,8.0
INV1985,D014,V0141,28,9.0
INV1986,D018,V0117,29,2.0
INV1987,D027,V0272,33,6.0
INV1988,D011,V0327,11,9.0
INV1989,D018,V0098,46,2.0
INV1990,D041,V0121,11,6.0
INV1991,D037,V0218,47,7.0
INV1992,D029,V0229,11,3.0
INV1993,D005,V0447,27,3.0
INV1994,D047,V0149,30,4.0
INV1995,D031,V0289,10,3.0
INV1996,D016,V0049,21,4.0
INV1997,D003,V0487,20,
INV1998,D044,V0385,31,9.0
INV1999,D049,V0474,20,3.0
INV2000,D040,V0164,47,5.0
INV2001,D022,V0403,4,7.0
INV2002,D031,V0043,23,8.0
INV2003,D018,V0369,15,3.0
INV2004,D015,V0459,36,10.0
INV2005,D020,V0498,35,5.0
INV2006,D038,V0270,24,4.0
INV2007,D018,V0013,29,10.0
INV2008,D040,V0020,11,3.0
INV2009,D030,V0263,35,7.0
INV2010,D023,V0237,-3,4.0
INV2011,D021,V0477,44,4.0
INV2012,D046,V0069,5,7.0
INV2013,D018,V0269,16,5.0
INV2014,D010,V0176,43,5.0
INV2015,D047,V0358,15,8.0
INV2016,D007,V0098,40,9.0
INV2017,D014,V0356,33,5.0
INV2018,D030,V0448,30,10.0
INV2019,D021,V0290,41,10.0
INV2020,D033,V0114,4,2.0
INV2021,D050,V0302,43,3.0
INV2022,D028,V0404,18,2.0
INV2023,D007,V0360,29,4.0
INV2024,D030,V0216,31,7.0
INV2025,D013,V0397,37,7.0
INV2026,D046,V0219,0,5.0
INV2027,D024,V0238,31,3.0
INV2028,D035,V0281,29,4.0
INV2029,D016,V0174,42,5.0
INV2030,D001,V0058,27,10.0
INV2031,D006,V0495,0,6.0
INV2032,D024,V0484,42,9.0
INV2033,D003,V0016,42,4.0
INV2034,D021,V0215,33,8.0
INV2035,D033,V0276,11,8.0
INV2036,D016,V0415,21,6.0
INV2037,D028,V0415,29,
INV2038,D050,V0197,4,8.0
INV2039,D023,V0049,21,6.0
INV2040,D015,V0383,9,5.0
INV2041,D029,V0283,40,6.0
INV2042,D045,V0485,12,5.0
INV2043,D041,V0399,23,2.0
INV2044,D036,V0460,19,6.0
INV2045,D041,V0185,15,10.0
INV2046,D047,V0463,49,3.0
INV2047,D030,V0190,12,9.0
INV2048,D013,V0240,14,8.0
INV2049,D041,V0355,32,10.0
INV2050,D035,V0070,16,4.0
INV2051,D038,V0032,36,4.0
INV2052,D030,V0290,25,6.0
INV2053,D015,V0491,2,6.0
INV2054,D029,V0120,10,9.0
INV2055,D008,V0273,8,7.0
INV2056,D030,V0349,24,3.0
INV2057,D041,V0366,0,8.0
INV2058,D009,V0263,43,2.0
INV2059,D038,V0385,29,5.0
INV2060,D003,V0390,28,3.0
INV2061,D038,V0149,38,9.0
INV2062,D012,V0246,13,3.0
INV2063,D013,V0275,0,10.0
INV2064,D048,V0068,19,4.0
INV2065,D021,V0472,6,4.0
INV2066,D034,V0276,19,10.0
INV2067,D005,V0499,13,5.0
INV2068,D002,V0423,46,
INV2069,D031,V0027,31,6.0
INV2070,D023,V0098,48,7.0
INV2071,D024,V0202,49,6.0
INV2072,D014,V0224,16,4.0
INV2073,D002,V0411,12,7.0
INV2074,D009,V0117,16,8.0
INV2075,D047,V0131,0,
INV2076,D030,V0125,42,3.0
INV2077,D044,V0256,43,6.0
INV2078,D022,V0377,31,3.0
INV2079,D020,V0434,23,9.0
INV2080,D007,V0311,6,8.0
INV2081,D016,V0432,21,6.0
INV2082,D009,V0252,50,5.0
INV2083,D012,V0393,27,9.0
INV2084,D049,V0458,3,6.0
INV2085,D020,V0094,14,7.0
INV2086,D030,V0021,33,6.0
INV2087,D023,V0441,14,8.0
INV2088,D037,V0422,42,5.0
INV2089,D012,V0254,35,7.0
INV2090,D008,V0456,19,8.0
INV2091,D031,V0011,16,2.0
INV2092,D028,V0080,19,7.0
INV2093,D019,V0095,30,5.0
INV2094,D010,V0406,3,8.0
INV2095,D005,V0422,13,9.0
INV2096,D021,V0455,16,2.0
INV2097,D046,V0245,20,2.0
INV2098,D009,V0155,33,4.0
INV2099,D036,V0195,20,7.0
INV2100,D024,V0228,23,7.0
INV2101,D048,V0337,20,3.0
INV2102,D002,V0087,33,5.0
INV2103,D024,V0092,42,6.0
INV2104,D044,V0130,5,9.0
INV2105,D010,V0293,34,8.0
INV2106,D001,V0428,18,
INV2107,D004,V0488,21,9.0
INV2108,D024,V0338,16,3.0
INV2109,D035,V0244,12,6.0
INV2110,D021,V0268,35,7.0
INV2111,D041,V0436,18,10.0
INV2112,D038,V0475,13,9.0
INV2113,D018,V0143,28,3.0
INV2114,D037,V0104,7,4.0
INV2115,D042,V0350,19,10.0
INV2116,D046,V0445,14,9.0
INV2117,D040,V0065,44,
INV2118,D012,V0221,47,4.0
INV2119,D005,V0084,20,5.0
INV2120,D007,V0402,40,5.0
INV2121,D030,V0123,10,2.0
INV2122,D006,V0334,3,3.0
INV2123,D015,V0240,44,
INV2124,D025,V0150,49,9.0
INV2125,D008,V0370,5,6.0
INV2126,D006,V0301,22,3.0
INV2127,D011,V0113,5,
INV2128,D019,V0441,33,2.0
INV2129,D047,V0242,14,8.0
INV2130,D030,V0381,16,4.0
INV2131,D049,V0290,50,3.0
INV2132,D032,V0041,38,4.0
INV2133,D048,V0416,4,3.0
INV2134,D031,V0426,31,10.0
INV2135,D039,V0318,25,7.0
INV2136,D009,V0070,47,5.0
INV2137,D035,V0011,0,6.0
INV2138,D002,V0276,27,5.0
INV2139,D014,V0479,38,8.0
INV2140,D022,V0073,2,7.0
INV2141,D045,V0491,34,3.0
INV2142,D037,V0174,50,9.0
INV2143,D043,V0353,2,8.0
INV2144,D010,V0389,44,7.0
INV2145,D023,V0071,49,5.0
INV2146,D021,V0191,31,6.0
INV2147,D036,V0105,26,
INV2148,D030,V0109,46,10.0
INV2149,D005,V0252,43,2.0
INV2150,D017,V0471,27,8.0
INV2151,D004,V0387,44,2.0
INV2152,D015,V0285,20,7.0
INV2153,D031,V0391,35,3.0
INV2154,D010,V0403,12,6.0
INV2155,D037,V0391,2,3.0
INV2156,D002,V0085,30,8.0
INV2157,D024,V0045,13,2.0
INV2158,D031,V0016,20,2.0
INV2159,D005,V0207,44,2.0
INV2160,D048,V0062,9,3.0
INV2161,D032,V0108,22,4.0
INV2162,D027,V0155,25,5.0
INV2163,D024,V0077,33,9.0
INV2164,D040,V0152,46,7.0
INV2165,D041,V0102,15,3.0
INV2166,D040,V0291,20,8.0
INV2167,D019,V0495,46,7.0
INV2168,D030,V0267,7,3.0
INV2169,D027,V0321,50,9.0
INV2170,D020,V0247,41,7.0
INV2171,D033,V0292,0,7.0
INV2172,D026,V0370,18,6.0
INV2173,D005,V0247,13,10.0
INV2174,D050,V0413,42,5.0
INV2175,D003,V0449,35,9.0
INV2176,D033,V0381,23,6.0
INV2177,D024,V0203,17,9.0
INV2178,D009,V0320,6,2.0
INV2179,D032,V0443,49,4.0
INV2180,D049,V0372,43,
INV2181,D025,V0294,7,9.0
INV2182,D009,V0377,13,3.0
INV2183,D018,V0118,35,10.0
INV2184,D034,V0440,4,10.0
INV2185,D022,V0429,41,2.0
INV2186,D007,V0141,15,5.0
INV2187,D020,V0263,8,6.0
INV2188,D041,V0297,24,7.0
INV2189,D049,V0476,31,9.0
INV2190,D034,V0288,15,6.0
INV2191,D004,V0260,40,7.0
INV2192,D039,V0099,19,6.0
INV2193,D002,V0412,40,
INV2194,D003,V0271,8,5.0
INV2195,D003,V0369,43,9.0
INV2196,D034,V0237,32,4.0
INV2197,D024,V0450,38,8.0
INV2198,D021,V0031,24,
INV2199,D019,V0366,14,7.0
INV2200,D033,V0107,25,9.0
INV2201,D005,V0010,0,7.0
INV2202,D003,V0079,0,
INV2203,D015,V0479,33,
INV2204,D009,V0497,50,
INV2205,D048,V0324,23,9.0
INV2206,D011,V0134,48,8.0
INV2207,D028,V0145,39,7.0
INV2208,D032,V0225,6,8.0
INV2209,D023,V0039,48,5.0
INV2210,D022,V0133,24,6.0
INV2211,D049,V0311,33,
INV2212,D025,V0070,7,7.0
INV2213,D020,V0469,6,10.0
INV2214,D001,V0477,10,9.0
INV2215,D036,V0316,21,6.0
INV2216,D037,V0319,30,10.0
INV2217,D040,V0142,29,3.0
INV2218,D042,V0321,23,
INV2219,D021,V0301,50,7.0
INV2220,D010,V0138,6,7.0
INV2221,D048,V0087,36,6.0
INV2222,D002,V0338,26,8.0
INV2223,D049,V0225,18,9.0
INV2224,D015,V0039,8,9.0
INV2225,D043,V0173,0,3.0
INV2226,D035,V0182,14,8.0
INV2227,D002,V0131,45,5.0
INV2228,D019,V0212,21,
INV2229,D022,V0455,23,3.0
INV2230,D020,V0022,21,10.0
INV2231,D024,V0116,26,8.0
INV2232,D037,V0306,16,2.0
INV2233,D013,V0351,12,6.0
INV2234,D031,V0175,50,4.0
INV2235,D015,V0168,47,7.0
INV2236,D020,V0098,25,6.0
INV2237,D016,V0360,42,
INV2238,D013,V0255,7,7.0
INV2239,D021,V0364,16,9.0
INV2240,D041,V0120,12,4.0
INV2241,D048,V0352,42,2.0
INV2242,D034,V0296,28,8.0
INV2243,D045,V0398,48,8.0
INV2244,D036,V0078,49,9.0
INV2245,D035,V0012,27,4.0
INV2246,D047,V0103,4,4.0
INV2247,D035,V0122,6,6.0
INV2248,D046,V0425,32,7.0
INV2249,D044,V0440,42,3.0
INV2250,D044,V0423,32,8.0
INV2251,D046,V0464,17,2.0
INV2252,D033,V0334,25,6.0
INV2253,D046,V0139,44,3.0
INV2254,D032,V0363,50,5.0
INV2255,D037,V0210,45,7.0
INV2256,D049,V0285,9,6.0
INV2257,D035,V0457,2,5.0
INV2258,D005,V0285,7,9.0
INV2259,D014,V0251,25,3.0
INV2260,D009,V0128,27,8.0
INV2261,D036,V0184,36,9.0
INV2262,D026,V0289,24,9.0
INV2263,D034,V0215,10,3.0
INV2264,D005,V0297,30,4.0
INV2265,D027,V0182,5,4.0
INV2266,D050,V0067,7,8.0
INV2267,D018,V0232,28,3.0
INV2268,D028,V0030,32,9.0
INV2269,D005,V0183,2,3.0
INV2270,D030,V0013,5,9.0
INV2271,D050,V0288,15,7.0
INV2272,D042,V0460,-13,9.0
INV2273,D048,V0305,34,2.0
INV2274,D040,V0427,18,2.0
INV2275,D017,V0107,23,
INV2276,D009,V0228,35,4.0
INV2277,D016,V0114,10,3.0
INV2278,D006,V0385,19,9.0
INV2279,D031,V0309,44,5.0
INV2280,D019,V0480,22,
INV2281,D021,V0043,15,5.0
INV2282,D011,V0195,-13,
INV2283,D030,V0009,37,6.0
INV2284,D031,V0356,6,7.0
INV2285,D009,V0060,18,8.0
INV2286,D020,V0167,9,8.0
INV2287,D028,V0017,4,3.0
INV2288,D045,V0384,11,6.0
INV2289,D014,V0474,5,3.0
INV2290,D028,V0386,4,8.0
INV2291,D016,V0365,37,10.0
INV2292,D023,V0430,46,5.0
INV2293,D031,V0270,42,
INV2294,D024,V0093,25,9.0
INV2295,D011,V0055,5,7.0
INV2296,D040,V0269,27,10.0
INV2297,D042,V0129,44,6.0
INV2298,D022,V0286,40,7.0
INV2299,D017,V0331,38,9.0
INV2300,D013,V0004,50,4.0
INV2301,D015,V0372,1,8.0
INV2302,D019,V0489,37,10.0
INV2303,D039,V0443,19,4.0
INV2304,D018,V0082,49,7.0
INV2305,D034,V0457,42,7.0
INV2306,D024,V0051,19,8.0
INV2307,D006,V0143,2,6.0
INV2308,D020,V0310,27,7.0
INV2309,D040,V0327,20,3.0
INV2310,D038,V0458,7,5.0
INV2311,D007,V0028,23,8.0
INV2312,D031,V0399,33,7.0
INV2313,D005,V0288,36,2.0
INV2314,D041,V0178,22,2.0
INV2315,D021,V0185,1,2.0
INV2316,D033,V0223,12,3.0
INV2317,D010,V0107,16,10.0
INV2318,D023,V0436,42,
INV2319,D036,V0405,50,3.0
INV2320,D010,V0224,9,6.0
INV2321,D044,V0163,50,5.0
INV2322,D043,V0098,6,10.0
INV2323,D006,V0491,11,7.0
INV2324,D025,V0438,35,2.0
INV2325,D046,V0039,16,5.0
INV2326,D037,V0394,14,4.0
INV2327,D020,V0045,34,2.0
INV2328,D035,V0465,29,3.0
INV2329,D011,V0405,24,8.0
INV2330,D024,V0178,22,7.0
INV2331,D042,V0246,18,9.0
INV2332,D019,V0153,29,2.0
INV2333,D035,V0261,46,2.0
INV2334,D006,V0167,3,10.0
INV2335,D023,V0001,4,2.0
INV2336,D014,V0071,27,4.0
INV2337,D027,V0116,30,10.0
INV2338,D043,V0248,43,4.0
INV2339,D030,V0431,12,7.0
INV2340,D007,V0155,41,8.0
INV2341,D029,V0433,31,2.0
INV2342,D050,V0162,23,8.0
INV2343,D048,V0242,2,4.0
INV2344,D019,V0004,12,7.0
INV2345,D045,V0403,50,2.0
INV2346,D047,V0228,1,8.0
INV2347,D006,V0124,37,2.0
INV2348,D049,V0343,12,4.0
INV2349,D008,V0189,44,9.0
INV2350,D032,V0393,16,5.0
INV2351,D036,V0178,20,3.0
INV2352,D031,V0005,29,10.0
INV2353,D036,V0175,17,5.0
INV2354,D037,V0147,38,9.0
INV2355,D004,V0062,49,10.0
INV2356,D046,V0370,21,10.0
INV2357,D037,V0159,35,4.0
INV2358,D049,V0128,11,7.0
INV2359,D007,V0447,39,9.0
INV2360,D019,V0448,11,2.0
INV2361,D036,V0050,19,7.0
INV2362,D017,V0482,26,7.0
INV2363,D047,V0136,33,3.0
INV2364,D010,V0321,35,2.0
INV2365,D024,V0443,6,2.0
INV2366,D010,V0313,46,10.0
INV2367,D026,V0494,16,7.0
INV2368,D032,V0267,23,10.0
INV2369,D047,V0353,36,8.0
INV2370,D046,V0102,12,4.0
INV2371,D004,V0256,33,10.0
INV2372,D009,V0194,14,2.0
INV2373,D038,V0010,48,10.0
INV2374,D008,V0289,31,5.0
INV2375,D039,V0299,9,8.0
INV2376,D007,V0164,35,2.0
INV2377,D034,V0416,46,5.0
INV2378,D025,V0031,43,4.0
INV2379,D035,V0488,19,5.0
INV2380,D038,V0279,25,3.0
INV2381,D025,V0024,15,8.0
INV2382,D017,V0019,1,8.0
INV2383,D042,V0035,49,
INV2384,D033,V0040,12,6.0
INV2385,D014,V0353,30,7.0
INV2386,D041,V0202,2,8.0
INV2387,D049,V0432,5,4.0
INV2388,D025,V0489,19,2.0
INV2389,D005,V0199,29,3.0
INV2390,D016,V0163,3,3.0
INV2391,D024,V0389,50,7.0
INV2392,D048,V0339,11,5.0
INV2393,D040,V0205,41,9.0
INV2394,D043,V0096,43,6.0
INV2395,D025,V0340,8,7.0
INV2396,D002,V0032,2,8.0
INV2397,D029,V0407,46,
INV2398,D004,V0423,19,9.0
INV2399,D021,V0048,31,7.0
INV2400,D041,V0046,44,7.0
INV2401,D002,V0026,41,3.0
INV2402,D018,V0216,-13,4.0
INV2403,D027,V0339,19,4.0
INV2404,D015,V0403,29,10.0
INV2405,D003,V0334,5,7.0
INV2406,D018,V0017,6,7.0
INV2407,D010,V0362,23,9.0
INV2408,D042,V0319,32,7.0
INV2409,D021,V0066,9,8.0
INV2410,D004,V0426,48,10.0
INV2411,D032,V0359,16,8.0
INV2412,D025,V0185,48,5.0
INV2413,D001,V0429,11,4.0
INV2414,D033,V0424,43,
INV2415,D044,V0080,12,8.0
INV2416,D034,V0224,5,4.0
INV2417,D044,V0382,2,2.0
INV2418,D040,V0401,22,
INV2419,D044,V0379,12,7.0
INV2420,D049,V0363,13,8.0
INV2421,D012,V0218,42,8.0
INV2422,D020,V0268,13,2.0
INV2423,D020,V0323,-1,4.0
INV2424,D049,V0059,10,6.0
INV2425,D017,V0288,16,3.0
INV2426,D012,V0111,50,3.0
INV2427,D024,V0358,30,3.0
INV2428,D006,V0011,48,3.0
INV2429,D048,V0358,37,8.0
INV2430,D030,V0429,11,5.0
INV2431,D005,V0427,22,7.0
INV2432,D013,V0123,15,6.0
INV2433,D017,V0275,2,10.0
INV2434,D006,V0140,40,10.0
INV2435,D024,V0008,41,10.0
INV2436,D005,V0131,28,3.0
INV2437,D034,V0391,4,7.0
INV2438,D027,V0256,5,6.0
INV2439,D039,V0370,36,5.0
INV2440,D044,V0498,13,5.0
INV2441,D033,V0041,18,4.0
INV2442,D049,V0063,8,
INV2443,D018,V0427,28,4.0
INV2444,D029,V0364,17,2.0
INV2445,D011,V0295,4,2.0
INV2446,D006,V0390,39,6.0
INV2447,D029,V0231,6,4.0
INV2448,D003,V0377,48,6.0
INV2449,D002,V0310,27,10.0
INV2450,D035,V0044,4,2.0
INV2451,D036,V0262,44,5.0
INV2452,D009,V0457,4,2.0
INV2453,D035,V0135,40,6.0
INV2454,D003,V0494,4,9.0
INV2455,D045,V0496,21,2.0
INV2456,D004,V0408,21,
INV2457,D044,V0484,3,6.0
INV2458,D017,V0342,7,5.0
INV2459,D022,V0171,44,7.0
INV2460,D029,V0357,5,7.0
INV2461,D037,V0002,27,
INV2462,D050,V0294,49,8.0
INV2463,D029,V0270,42,8.0
INV2464,D048,V0398,39,7.0
INV2465,D020,V0242,3,4.0
INV2466,D005,V0363,46,6.0
INV2467,D047,V0367,21,7.0
INV2468,D032,V0097,14,9.0
INV2469,D032,V0022,32,6.0
INV2470,D026,V0428,8,6.0
INV2471,D025,V0080,2,5.0
INV2472,D038,V0104,12,9.0
INV2473,D012,V0252,16,7.0
INV2474,D046,V0156,4,10.0
INV2475,D019,V0008,19,6.0
INV2476,D038,V0099,-10,10.0
INV2477,D031,V0268,33,7.0
INV2478,D010,V0239,2,4.0
INV2479,D050,V0084,25,8.0
INV2480,D041,V0477,18,9.0
INV2481,D021,V0249,17,6.0
INV2482,D047,V0281,28,2.0
INV2483,D007,V0401,2,2.0
INV2484,D013,V0165,37,3.0
INV2485,D032,V0379,35,3.0
INV2486,D020,V0084,35,8.0
INV2487,D029,V0170,14,7.0
INV2488,D014,V0440,6,2.0
INV2489,D022,V0432,36,8.0
INV2490,D040,V0118,29,8.0
INV2491,D030,V0491,18,5.0
INV2492,D041,V0211,47,7.0
INV2493,D032,V0187,17,5.0
INV2494,D009,V0304,16,2.0
INV2495,D017,V0444,3,6.0
INV2496,D029,V0366,49,6.0
INV2497,D016,V0466,49,4.0
INV2498,D026,V0340,34,7.0
INV2499,D007,V0403,29,
INV2500,D032,V0140,29,9.0
